episode,predator_reward,prey_reward,capture_rate,predator_elo,prey_elo,policy_loss,value_loss,entropy
0,0.47,-0.47,1.0,1016.0,984.0,0.0,0.0,0.0
1,1.0,-1.0,1.0,1030.53,969.47,0.0,0.0,0.0
2,0.62,-0.62,1.0,1043.75,956.25,0.0,0.0,0.0
3,0.99,-0.99,1.0,1055.8,944.2,0.0,0.0,0.0
4,-0.82,0.82,1.0,1066.83,933.17,0.0,0.0,0.0
5,0.51,-0.51,1.0,1076.96,923.04,0.0,0.0,0.0
6,-0.01,0.01,1.0,1086.3,913.7,0.0,0.0,0.0
7,0.99,-0.99,1.0,1094.95,905.05,0.0,0.0,0.0
8,-2.0,2.0,0.8889,1086.98,913.02,0.0,0.0,0.0
9,0.1,-0.1,0.9,1095.58,904.42,0.0,0.0,0.0
10,0.94,-0.94,0.9091,1103.57,896.43,0.0,0.0,0.0
11,-0.94,0.94,0.9167,1111.02,888.98,0.0,0.0,0.0
12,-0.38,0.38,0.9231,1117.99,882.01,0.0,0.0,0.0
13,-2.0,2.0,0.8571,1108.54,891.46,0.0,0.0,0.0
14,-0.08,0.08,0.8667,1115.66,884.34,0.0,0.0,0.0
15,-0.17,0.17,0.875,1122.35,877.65,0.0,0.0,0.0
16,-2.0,2.0,0.8235,1112.64,887.36,0.0,0.0,0.0
17,0.28,-0.28,0.8333,1119.51,880.49,0.0,0.0,0.0
18,0.5,-0.5,0.8421,1125.96,874.04,0.0,0.0,0.0
19,-0.43,0.43,0.85,1132.04,867.96,0.0,0.0,0.0
20,-0.55,0.55,0.85,1137.78,862.22,-0.003588,0.058632,1.605878
21,-2.0,2.0,0.8,1127.22,872.78,-0.003588,0.058632,1.605878
22,-2.0,2.0,0.75,1117.23,882.77,-0.003588,0.058632,1.605878
23,0.73,-0.73,0.75,1123.82,876.18,-0.003588,0.058632,1.605878
24,0.23,-0.23,0.75,1130.02,869.98,-0.003588,0.058632,1.605878
25,0.96,-0.96,0.75,1135.87,864.13,-0.003588,0.058632,1.605878
26,-0.86,0.86,0.75,1141.41,858.59,-0.003588,0.058632,1.605878
27,-2.0,2.0,0.7,1130.66,869.34,-0.003588,0.058632,1.605878
28,-0.08,0.08,0.75,1136.48,863.52,-0.003588,0.058632,1.605878
29,0.98,-0.98,0.75,1141.98,858.02,-0.003588,0.058632,1.605878
30,0.83,-0.83,0.75,1147.2,852.8,-0.003588,0.058632,1.605878
31,-2.0,2.0,0.7,1136.17,863.83,-0.003588,0.058632,1.605878
32,-2.0,2.0,0.65,1125.69,874.31,-0.003588,0.058632,1.605878
33,0.11,-0.11,0.7,1131.78,868.22,-0.003588,0.058632,1.605878
34,-0.76,0.76,0.7,1137.54,862.46,-0.003588,0.058632,1.605878
35,0.02,-0.02,0.7,1142.99,857.01,-0.003588,0.058632,1.605878
36,0.95,-0.95,0.75,1148.16,851.84,-0.003588,0.058632,1.605878
37,-2.0,2.0,0.7,1137.08,862.92,-0.00349,0.048413,1.604416
38,1.0,-1.0,0.7,1142.55,857.45,-0.00349,0.048413,1.604416
39,0.15,-0.15,0.7,1147.75,852.25,-0.00349,0.048413,1.604416
40,-2.0,2.0,0.65,1136.69,863.31,-0.00349,0.048413,1.604416
41,-2.0,2.0,0.65,1126.18,873.82,-0.00349,0.048413,1.604416
42,0.51,-0.51,0.7,1132.25,867.75,-0.00349,0.048413,1.604416
43,-2.0,2.0,0.65,1121.98,878.02,-0.00349,0.048413,1.604416
44,-2.0,2.0,0.6,1112.29,887.71,-0.00349,0.048413,1.604416
45,-0.2,0.2,0.6,1119.18,880.82,-0.00349,0.048413,1.604416
46,0.97,-0.97,0.6,1125.65,874.35,-0.00349,0.048413,1.604416
47,-2.0,2.0,0.6,1115.75,884.25,-0.00349,0.048413,1.604416
48,-0.18,0.18,0.6,1122.43,877.57,-0.00349,0.048413,1.604416
49,-2.0,2.0,0.55,1112.71,887.29,-0.00349,0.048413,1.604416
50,0.95,-0.95,0.55,1119.58,880.42,-0.00349,0.048413,1.604416
51,0.81,-0.81,0.6,1126.03,873.97,-0.00349,0.048413,1.604416
52,0.93,-0.93,0.65,1132.1,867.9,-0.00349,0.048413,1.604416
53,-0.59,0.59,0.65,1137.84,862.16,-0.00349,0.048413,1.604416
54,-0.14,0.14,0.65,1143.27,856.73,-0.00349,0.048413,1.604416
55,-0.35,0.35,0.65,1148.43,851.57,-0.00349,0.048413,1.604416
56,0.73,-0.73,0.65,1153.34,846.66,-0.005918,0.054178,1.598684
57,0.99,-0.99,0.7,1158.01,841.99,-0.005918,0.054178,1.598684
58,-0.99,0.99,0.7,1162.48,837.52,-0.005918,0.054178,1.598684
59,-2.0,2.0,0.65,1150.75,849.25,-0.005918,0.054178,1.598684
60,0.46,-0.46,0.7,1155.55,844.45,-0.005918,0.054178,1.598684
61,-0.97,0.97,0.75,1160.12,839.88,-0.005918,0.054178,1.598684
62,-2.0,2.0,0.7,1148.49,851.51,-0.005918,0.054178,1.598684
63,0.42,-0.42,0.75,1153.4,846.6,-0.005918,0.054178,1.598684
64,-0.25,0.25,0.8,1158.07,841.93,-0.005918,0.054178,1.598684
65,-2.0,2.0,0.75,1146.53,853.47,-0.005918,0.054178,1.598684
66,0.04,-0.04,0.75,1151.53,848.47,-0.005918,0.054178,1.598684
67,0.39,-0.39,0.8,1156.29,843.71,-0.005918,0.054178,1.598684
68,0.95,-0.95,0.8,1160.83,839.17,-0.005918,0.054178,1.598684
69,0.75,-0.75,0.85,1165.17,834.83,-0.005918,0.054178,1.598684
70,-0.09,0.09,0.85,1169.33,830.67,-0.005918,0.054178,1.598684
71,-2.0,2.0,0.8,1157.32,842.68,-0.005918,0.054178,1.598684
72,0.9,-0.9,0.8,1161.81,838.19,-0.005918,0.054178,1.598684
73,-0.6,0.6,0.8,1166.11,833.89,-0.005918,0.054178,1.598684
74,0.11,-0.11,0.8,1170.23,829.77,-0.005918,0.054178,1.598684
75,-2.0,2.0,0.75,1158.18,841.82,-0.006188,0.07573,1.574967
76,-0.46,0.46,0.75,1162.64,837.36,-0.006188,0.07573,1.574967
77,0.72,-0.72,0.75,1166.9,833.1,-0.006188,0.07573,1.574967
78,0.59,-0.59,0.75,1170.99,829.01,-0.006188,0.07573,1.574967
79,0.94,-0.94,0.8,1174.91,825.09,-0.006188,0.07573,1.574967
80,0.5,-0.5,0.8,1178.68,821.32,-0.006188,0.07573,1.574967
81,0.52,-0.52,0.8,1182.31,817.69,-0.006188,0.07573,1.574967
82,0.61,-0.61,0.85,1185.8,814.2,-0.006188,0.07573,1.574967
83,0.44,-0.44,0.85,1189.17,810.83,-0.006188,0.07573,1.574967
84,0.08,-0.08,0.85,1192.43,807.57,-0.006188,0.07573,1.574967
85,0.57,-0.57,0.9,1195.58,804.42,-0.006188,0.07573,1.574967
86,-2.0,2.0,0.85,1182.62,817.38,-0.006188,0.07573,1.574967
87,0.88,-0.88,0.85,1186.11,813.89,-0.006188,0.07573,1.574967
88,-2.0,2.0,0.8,1173.47,826.53,-0.006188,0.07573,1.574967
89,0.93,-0.93,0.8,1177.29,822.71,-0.006188,0.07573,1.574967
90,0.32,-0.32,0.8,1180.97,819.03,-0.006188,0.07573,1.574967
91,-0.21,0.21,0.85,1184.51,815.49,-0.006188,0.07573,1.574967
92,-0.87,0.87,0.85,1187.93,812.07,-0.006188,0.07573,1.574967
93,-0.11,0.11,0.85,1191.23,808.77,-0.006188,0.07573,1.574967
94,0.19,-0.19,0.85,1194.41,805.59,-0.006188,0.07573,1.574967
95,-0.49,0.49,0.9,1197.5,802.5,-0.006188,0.07573,1.574967
96,1.0,-1.0,0.9,1200.48,799.52,-0.006188,0.07573,1.574967
97,-0.1,0.1,0.9,1203.38,796.62,-0.006188,0.07573,1.574967
98,-0.03,0.03,0.9,1206.19,793.81,-0.007876,0.092788,1.550327
99,-0.13,0.13,0.9,1208.91,791.09,-0.007876,0.092788,1.550327
100,0.67,-0.67,0.9,1211.56,788.44,-0.007876,0.092788,1.550327
101,-2.0,2.0,0.85,1198.14,801.86,-0.007876,0.092788,1.550327
102,-2.0,2.0,0.8,1185.1,814.9,-0.007876,0.092788,1.550327
103,0.14,-0.14,0.8,1188.5,811.5,-0.007876,0.092788,1.550327
104,0.09,-0.09,0.8,1191.78,808.22,-0.007876,0.092788,1.550327
105,0.77,-0.77,0.8,1194.95,805.05,-0.007876,0.092788,1.550327
106,-2.0,2.0,0.8,1182.01,817.99,-0.007876,0.092788,1.550327
107,-0.3,0.3,0.8,1185.52,814.48,-0.007876,0.092788,1.550327
108,0.75,-0.75,0.85,1188.9,811.1,-0.007876,0.092788,1.550327
109,-2.0,2.0,0.8,1176.17,823.83,-0.007876,0.092788,1.550327
110,0.59,-0.59,0.8,1179.89,820.11,-0.007876,0.092788,1.550327
111,0.12,-0.12,0.8,1183.47,816.53,-0.007876,0.092788,1.550327
112,-2.0,2.0,0.75,1170.92,829.08,-0.007876,0.092788,1.550327
113,-2.0,2.0,0.7,1158.85,841.15,-0.007876,0.092788,1.550327
114,-0.01,0.01,0.7,1163.27,836.73,-0.007876,0.092788,1.550327
115,-0.74,0.74,0.7,1167.51,832.49,-0.011177,0.058449,1.534747
116,-0.79,0.79,0.7,1171.57,828.43,-0.011177,0.058449,1.534747
117,-0.58,0.58,0.7,1175.47,824.53,-0.011177,0.058449,1.534747
118,-2.0,2.0,0.65,1163.22,836.78,-0.011177,0.058449,1.534747
119,-0.6,0.6,0.65,1167.46,832.54,-0.011177,0.058449,1.534747
120,0.61,-0.61,0.65,1171.52,828.48,-0.011177,0.058449,1.534747
121,-0.04,0.04,0.7,1175.42,824.58,-0.011177,0.058449,1.534747
122,-0.69,0.69,0.75,1179.17,820.83,-0.011177,0.058449,1.534747
123,-0.94,0.94,0.75,1182.78,817.22,-0.011177,0.058449,1.534747
124,0.61,-0.61,0.75,1186.26,813.74,-0.011177,0.058449,1.534747
125,0.85,-0.85,0.75,1189.61,810.39,-0.011177,0.058449,1.534747
126,0.96,-0.96,0.8,1192.85,807.15,-0.011177,0.058449,1.534747
127,0.62,-0.62,0.8,1195.99,804.01,-0.011177,0.058449,1.534747
128,0.15,-0.15,0.8,1199.02,800.98,-0.011177,0.058449,1.534747
129,-0.08,0.08,0.85,1201.96,798.04,-0.011177,0.058449,1.534747
130,0.58,-0.58,0.85,1204.81,795.19,-0.011177,0.058449,1.534747
131,0.1,-0.1,0.85,1207.58,792.42,-0.011177,0.058449,1.534747
132,-2.0,2.0,0.85,1194.26,805.74,-0.011177,0.058449,1.534747
133,-0.2,0.2,0.9,1197.35,802.65,-0.009943,0.078506,1.49046
134,-0.51,0.51,0.9,1200.34,799.66,-0.009943,0.078506,1.49046
135,0.44,-0.44,0.9,1203.24,796.76,-0.009943,0.078506,1.49046
136,0.24,-0.24,0.9,1206.05,793.95,-0.009943,0.078506,1.49046
137,0.54,-0.54,0.9,1208.78,791.22,-0.009943,0.078506,1.49046
138,0.98,-0.98,0.95,1211.43,788.57,-0.009943,0.078506,1.49046
139,0.76,-0.76,0.95,1214.01,785.99,-0.009943,0.078506,1.49046
140,-0.05,0.05,0.95,1216.52,783.48,-0.009943,0.078506,1.49046
141,0.18,-0.18,0.95,1218.97,781.03,-0.009943,0.078506,1.49046
142,0.84,-0.84,0.95,1221.35,778.65,-0.009943,0.078506,1.49046
143,0.84,-0.84,0.95,1223.67,776.33,-0.009943,0.078506,1.49046
144,-0.67,0.67,0.95,1225.93,774.07,-0.009943,0.078506,1.49046
145,0.13,-0.13,0.95,1228.14,771.86,-0.009943,0.078506,1.49046
146,0.28,-0.28,0.95,1230.3,769.7,-0.009943,0.078506,1.49046
147,0.72,-0.72,0.95,1232.41,767.59,-0.009943,0.078506,1.49046
148,0.75,-0.75,0.95,1234.47,765.53,-0.009943,0.078506,1.49046
149,-0.49,0.49,0.95,1236.49,763.51,-0.009943,0.078506,1.49046
150,0.05,-0.05,0.95,1238.46,761.54,-0.009943,0.078506,1.49046
151,0.1,-0.1,0.95,1240.39,759.61,-0.009943,0.078506,1.49046
152,0.43,-0.43,1.0,1242.28,757.72,-0.009943,0.078506,1.49046
153,0.21,-0.21,1.0,1244.14,755.86,-0.009943,0.078506,1.49046
154,-2.0,2.0,0.95,1229.95,770.05,-0.009943,0.078506,1.49046
155,0.57,-0.57,0.95,1232.07,767.93,-0.009943,0.078506,1.49046
156,-2.0,2.0,0.9,1218.14,781.86,-0.009943,0.078506,1.49046
157,-0.36,0.36,0.9,1220.54,779.46,-0.006146,0.096936,1.490361
158,0.03,-0.03,0.9,1222.88,777.12,-0.006146,0.096936,1.490361
159,0.79,-0.79,0.9,1225.16,774.84,-0.006146,0.096936,1.490361
160,0.98,-0.98,0.9,1227.39,772.61,-0.006146,0.096936,1.490361
161,-0.75,0.75,0.9,1229.57,770.43,-0.006146,0.096936,1.490361
162,0.19,-0.19,0.9,1231.69,768.31,-0.006146,0.096936,1.490361
163,0.92,-0.92,0.9,1233.77,766.23,-0.006146,0.096936,1.490361
164,0.38,-0.38,0.9,1235.8,764.2,-0.006146,0.096936,1.490361
165,0.45,-0.45,0.9,1237.79,762.21,-0.006146,0.096936,1.490361
166,0.41,-0.41,0.9,1239.74,760.26,-0.006146,0.096936,1.490361
167,-2.0,2.0,0.85,1225.64,774.36,-0.006146,0.096936,1.490361
168,0.68,-0.68,0.85,1227.86,772.14,-0.006146,0.096936,1.490361
169,0.77,-0.77,0.85,1230.02,769.98,-0.006146,0.096936,1.490361
170,0.16,-0.16,0.85,1232.14,767.86,-0.006146,0.096936,1.490361
171,-0.34,0.34,0.85,1234.21,765.79,-0.006146,0.096936,1.490361
172,0.05,-0.05,0.85,1236.23,763.77,-0.006146,0.096936,1.490361
173,-0.37,0.37,0.85,1238.21,761.79,-0.006146,0.096936,1.490361
174,0.76,-0.76,0.9,1240.14,759.86,-0.006146,0.096936,1.490361
175,-2.0,2.0,0.85,1226.04,773.96,-0.006146,0.096936,1.490361
176,-2.0,2.0,0.85,1212.25,787.75,-0.006146,0.096936,1.490361
177,0.58,-0.58,0.85,1214.8,785.2,-0.006146,0.096936,1.490361
178,-0.09,0.09,0.85,1217.29,782.71,-0.006146,0.096936,1.490361
179,0.61,-0.61,0.85,1219.72,780.28,-0.006146,0.096936,1.490361
180,0.89,-0.89,0.85,1222.08,777.92,-0.006146,0.096936,1.490361
181,-0.71,0.71,0.85,1224.38,775.62,-0.00705,0.092221,1.462624
182,0.01,-0.01,0.85,1226.63,773.37,-0.00705,0.092221,1.462624
183,0.37,-0.37,0.85,1228.82,771.18,-0.00705,0.092221,1.462624
184,0.58,-0.58,0.85,1230.96,769.04,-0.00705,0.092221,1.462624
185,-2.0,2.0,0.8,1217.06,782.94,-0.00705,0.092221,1.462624
186,0.83,-0.83,0.8,1219.49,780.51,-0.00705,0.092221,1.462624
187,0.22,-0.22,0.85,1221.86,778.14,-0.00705,0.092221,1.462624
188,0.69,-0.69,0.85,1224.16,775.84,-0.00705,0.092221,1.462624
189,-0.16,0.16,0.85,1226.42,773.58,-0.00705,0.092221,1.462624
190,0.7,-0.7,0.85,1228.61,771.39,-0.00705,0.092221,1.462624
191,-0.6,0.6,0.85,1230.76,769.24,-0.00705,0.092221,1.462624
192,-2.0,2.0,0.8,1216.86,783.14,-0.00705,0.092221,1.462624
193,0.14,-0.14,0.8,1219.3,780.7,-0.00705,0.092221,1.462624
194,0.98,-0.98,0.8,1221.67,778.33,-0.00705,0.092221,1.462624
195,-0.92,0.92,0.85,1223.98,776.02,-0.00705,0.092221,1.462624
196,-0.37,0.37,0.9,1226.24,773.76,-0.00705,0.092221,1.462624
197,-0.78,0.78,0.9,1228.44,771.56,-0.00705,0.092221,1.462624
198,0.54,-0.54,0.9,1230.59,769.41,-0.00705,0.092221,1.462624
199,0.97,-0.97,0.9,1232.69,767.31,-0.00705,0.092221,1.462624
200,0.68,-0.68,0.9,1234.75,765.25,-0.00705,0.092221,1.462624
201,0.71,-0.71,0.9,1236.76,763.24,-0.00705,0.092221,1.462624
202,0.74,-0.74,0.9,1238.73,761.27,-0.00705,0.092221,1.462624
203,0.14,-0.14,0.9,1240.65,759.35,-0.00705,0.092221,1.462624
204,-0.24,0.24,0.9,1242.54,757.46,-0.00705,0.092221,1.462624
205,-0.36,0.36,0.95,1244.39,755.61,-0.005286,0.086955,1.482797
206,-2.0,2.0,0.9,1230.2,769.8,-0.005286,0.086955,1.482797
207,0.53,-0.53,0.9,1232.31,767.69,-0.005286,0.086955,1.482797
208,-2.0,2.0,0.85,1218.37,781.63,-0.005286,0.086955,1.482797
209,0.48,-0.48,0.85,1220.77,779.23,-0.005286,0.086955,1.482797
210,0.77,-0.77,0.85,1223.1,776.9,-0.005286,0.086955,1.482797
211,-0.81,0.81,0.85,1225.38,774.62,-0.005286,0.086955,1.482797
212,0.32,-0.32,0.9,1227.6,772.4,-0.005286,0.086955,1.482797
213,0.36,-0.36,0.9,1229.78,770.22,-0.005286,0.086955,1.482797
214,0.39,-0.39,0.9,1231.9,768.1,-0.005286,0.086955,1.482797
215,0.35,-0.35,0.9,1233.97,766.03,-0.005286,0.086955,1.482797
216,0.75,-0.75,0.9,1236.0,764.0,-0.005286,0.086955,1.482797
217,0.39,-0.39,0.9,1237.98,762.02,-0.005286,0.086955,1.482797
218,0.71,-0.71,0.9,1239.92,760.08,-0.005286,0.086955,1.482797
219,0.93,-0.93,0.9,1241.82,758.18,-0.005286,0.086955,1.482797
220,-0.68,0.68,0.9,1243.68,756.32,-0.005286,0.086955,1.482797
221,-2.0,2.0,0.85,1229.51,770.49,-0.005286,0.086955,1.482797
222,0.83,-0.83,0.85,1231.64,768.36,-0.005286,0.086955,1.482797
223,-0.57,0.57,0.85,1233.71,766.29,-0.005286,0.086955,1.482797
224,0.77,-0.77,0.85,1235.75,764.25,-0.005286,0.086955,1.482797
225,0.84,-0.84,0.85,1237.74,762.26,-0.005286,0.086955,1.482797
226,0.85,-0.85,0.9,1239.68,760.32,-0.005286,0.086955,1.482797
227,-0.82,0.82,0.9,1241.59,758.41,-0.005286,0.086955,1.482797
228,0.79,-0.79,0.95,1243.45,756.55,-0.005286,0.086955,1.482797
229,0.38,-0.38,0.95,1245.28,754.72,-0.009596,0.084655,1.494963
230,0.93,-0.93,0.95,1247.08,752.92,-0.009596,0.084655,1.494963
231,0.16,-0.16,0.95,1248.84,751.16,-0.009596,0.084655,1.494963
232,-2.0,2.0,0.9,1234.56,765.44,-0.009596,0.084655,1.494963
233,-0.28,0.28,0.9,1236.58,763.42,-0.009596,0.084655,1.494963
234,0.39,-0.39,0.9,1238.55,761.45,-0.009596,0.084655,1.494963
235,0.97,-0.97,0.9,1240.48,759.52,-0.009596,0.084655,1.494963
236,-2.0,2.0,0.85,1226.37,773.63,-0.009596,0.084655,1.494963
237,-0.75,0.75,0.85,1228.57,771.43,-0.009596,0.084655,1.494963
238,0.91,-0.91,0.85,1230.71,769.29,-0.009596,0.084655,1.494963
239,0.43,-0.43,0.85,1232.81,767.19,-0.009596,0.084655,1.494963
240,0.97,-0.97,0.85,1234.87,765.13,-0.009596,0.084655,1.494963
241,0.72,-0.72,0.9,1236.87,763.13,-0.009596,0.084655,1.494963
242,-0.54,0.54,0.9,1238.84,761.16,-0.009596,0.084655,1.494963
243,0.3,-0.3,0.9,1240.76,759.24,-0.009596,0.084655,1.494963
244,0.24,-0.24,0.9,1242.64,757.36,-0.009596,0.084655,1.494963
245,-2.0,2.0,0.85,1228.49,771.51,-0.009596,0.084655,1.494963
246,1.0,-1.0,0.85,1230.64,769.36,-0.009596,0.084655,1.494963
247,0.77,-0.77,0.85,1232.74,767.26,-0.009596,0.084655,1.494963
248,0.05,-0.05,0.85,1234.8,765.2,-0.009596,0.084655,1.494963
249,0.3,-0.3,0.85,1236.81,763.19,-0.009596,0.084655,1.494963
250,1.0,-1.0,0.85,1238.77,761.23,-0.009596,0.084655,1.494963
251,0.7,-0.7,0.85,1240.7,759.3,-0.009596,0.084655,1.494963
252,0.6,-0.6,0.9,1242.58,757.42,-0.009596,0.084655,1.494963
253,0.07,-0.07,0.9,1244.43,755.57,-0.009596,0.084655,1.494963
254,0.11,-0.11,0.9,1246.24,753.76,-0.009596,0.084655,1.494963
255,0.92,-0.92,0.9,1248.01,751.99,-0.009596,0.084655,1.494963
256,0.29,-0.29,0.95,1249.75,750.25,-0.009596,0.084655,1.494963
257,0.7,-0.7,0.95,1251.46,748.54,-0.009747,0.080676,1.452691
258,0.79,-0.79,0.95,1253.14,746.86,-0.009747,0.080676,1.452691
259,-0.56,0.56,0.95,1254.78,745.22,-0.009747,0.080676,1.452691
260,0.68,-0.68,0.95,1256.4,743.6,-0.009747,0.080676,1.452691
261,0.51,-0.51,0.95,1257.99,742.01,-0.009747,0.080676,1.452691
262,0.86,-0.86,0.95,1259.55,740.45,-0.009747,0.080676,1.452691
263,0.34,-0.34,0.95,1261.09,738.91,-0.009747,0.080676,1.452691
264,0.05,-0.05,0.95,1262.6,737.4,-0.009747,0.080676,1.452691
265,0.42,-0.42,1.0,1264.08,735.92,-0.009747,0.080676,1.452691
266,-0.48,0.48,1.0,1265.54,734.46,-0.009747,0.080676,1.452691
267,0.92,-0.92,1.0,1266.98,733.02,-0.009747,0.080676,1.452691
268,0.88,-0.88,1.0,1268.39,731.61,-0.009747,0.080676,1.452691
269,0.92,-0.92,1.0,1269.78,730.22,-0.009747,0.080676,1.452691
270,0.83,-0.83,1.0,1271.16,728.84,-0.009747,0.080676,1.452691
271,0.49,-0.49,1.0,1272.51,727.49,-0.009747,0.080676,1.452691
272,0.32,-0.32,1.0,1273.84,726.16,-0.009747,0.080676,1.452691
273,0.6,-0.6,1.0,1275.15,724.85,-0.009747,0.080676,1.452691
274,1.0,-1.0,1.0,1276.44,723.56,-0.009747,0.080676,1.452691
275,-0.13,0.13,1.0,1277.72,722.28,-0.009747,0.080676,1.452691
276,0.23,-0.23,1.0,1278.97,721.03,-0.009747,0.080676,1.452691
277,0.76,-0.76,1.0,1280.21,719.79,-0.009747,0.080676,1.452691
278,0.81,-0.81,1.0,1281.43,718.57,-0.009747,0.080676,1.452691
279,0.8,-0.8,1.0,1282.64,717.36,-0.009747,0.080676,1.452691
280,0.87,-0.87,1.0,1283.83,716.17,-0.009747,0.080676,1.452691
281,0.94,-0.94,1.0,1285.0,715.0,-0.009747,0.080676,1.452691
282,0.99,-0.99,1.0,1286.16,713.84,-0.009747,0.080676,1.452691
283,0.79,-0.79,1.0,1287.31,712.69,-0.009747,0.080676,1.452691
284,0.58,-0.58,1.0,1288.44,711.56,-0.009747,0.080676,1.452691
285,-0.2,0.2,1.0,1289.55,710.45,-0.009747,0.080676,1.452691
286,0.16,-0.16,1.0,1290.66,709.34,-0.009747,0.080676,1.452691
287,0.44,-0.44,1.0,1291.74,708.26,-0.009747,0.080676,1.452691
288,0.72,-0.72,1.0,1292.82,707.18,-0.009747,0.080676,1.452691
289,0.78,-0.78,1.0,1293.88,706.12,-0.009747,0.080676,1.452691
290,0.79,-0.79,1.0,1294.93,705.07,-0.009747,0.080676,1.452691
291,0.21,-0.21,1.0,1295.97,704.03,-0.009747,0.080676,1.452691
292,0.1,-0.1,1.0,1297.0,703.0,-0.009747,0.080676,1.452691
293,0.78,-0.78,1.0,1298.01,701.99,-0.009747,0.080676,1.452691
294,0.17,-0.17,1.0,1299.01,700.99,-0.009747,0.080676,1.452691
295,-0.01,0.01,1.0,1300.01,699.99,-0.009747,0.080676,1.452691
296,0.03,-0.03,1.0,1300.99,699.01,-0.011052,0.109327,1.405388
297,0.62,-0.62,1.0,1301.96,698.04,-0.011052,0.109327,1.405388
298,0.62,-0.62,1.0,1302.92,697.08,-0.011052,0.109327,1.405388
299,0.98,-0.98,1.0,1303.87,696.13,-0.011052,0.109327,1.405388
300,0.58,-0.58,1.0,1304.8,695.2,-0.011052,0.109327,1.405388
301,-0.84,0.84,1.0,1305.73,694.27,-0.011052,0.109327,1.405388
302,0.23,-0.23,1.0,1306.65,693.35,-0.011052,0.109327,1.405388
303,0.47,-0.47,1.0,1307.57,692.43,-0.011052,0.109327,1.405388
304,0.35,-0.35,1.0,1308.47,691.53,-0.011052,0.109327,1.405388
305,0.95,-0.95,1.0,1309.36,690.64,-0.011052,0.109327,1.405388
306,0.03,-0.03,1.0,1310.24,689.76,-0.011052,0.109327,1.405388
307,-0.03,0.03,1.0,1311.12,688.88,-0.011052,0.109327,1.405388
308,0.85,-0.85,1.0,1311.98,688.02,-0.011052,0.109327,1.405388
309,0.55,-0.55,1.0,1312.84,687.16,-0.011052,0.109327,1.405388
310,0.77,-0.77,1.0,1313.69,686.31,-0.011052,0.109327,1.405388
311,0.38,-0.38,1.0,1314.53,685.47,-0.011052,0.109327,1.405388
312,-0.71,0.71,1.0,1315.37,684.63,-0.011052,0.109327,1.405388
313,-2.0,2.0,0.95,1300.19,699.81,-0.011052,0.109327,1.405388
314,0.38,-0.38,0.95,1301.17,698.83,-0.011052,0.109327,1.405388
315,0.52,-0.52,0.95,1302.14,697.86,-0.011052,0.109327,1.405388
316,-0.63,0.63,0.95,1303.1,696.9,-0.011052,0.109327,1.405388
317,0.86,-0.86,0.95,1304.04,695.96,-0.011052,0.109327,1.405388
318,-0.32,0.32,0.95,1304.98,695.02,-0.011052,0.109327,1.405388
319,0.81,-0.81,0.95,1305.91,694.09,-0.011052,0.109327,1.405388
320,-0.08,0.08,0.95,1306.83,693.17,-0.011052,0.109327,1.405388
321,0.97,-0.97,0.95,1307.74,692.26,-0.011052,0.109327,1.405388
322,0.02,-0.02,0.95,1308.64,691.36,-0.011052,0.109327,1.405388
323,0.64,-0.64,0.95,1309.53,690.47,-0.011052,0.109327,1.405388
324,0.07,-0.07,0.95,1310.41,689.59,-0.011052,0.109327,1.405388
325,0.22,-0.22,0.95,1311.28,688.72,-0.009539,0.076078,1.378077
326,1.0,-1.0,0.95,1312.15,687.85,-0.009539,0.076078,1.378077
327,-0.1,0.1,0.95,1313.0,687.0,-0.009539,0.076078,1.378077
328,0.24,-0.24,0.95,1313.85,686.15,-0.009539,0.076078,1.378077
329,0.9,-0.9,0.95,1314.69,685.31,-0.009539,0.076078,1.378077
330,0.96,-0.96,0.95,1315.52,684.48,-0.009539,0.076078,1.378077
331,0.74,-0.74,0.95,1316.35,683.65,-0.009539,0.076078,1.378077
332,-0.54,0.54,0.95,1317.17,682.83,-0.009539,0.076078,1.378077
333,0.99,-0.99,1.0,1317.97,682.03,-0.009539,0.076078,1.378077
334,-0.15,0.15,1.0,1318.78,681.22,-0.009539,0.076078,1.378077
335,0.33,-0.33,1.0,1319.57,680.43,-0.009539,0.076078,1.378077
336,0.86,-0.86,1.0,1320.36,679.64,-0.009539,0.076078,1.378077
337,0.29,-0.29,1.0,1321.14,678.86,-0.009539,0.076078,1.378077
338,0.22,-0.22,1.0,1321.91,678.09,-0.009539,0.076078,1.378077
339,-0.34,0.34,1.0,1322.68,677.32,-0.009539,0.076078,1.378077
340,0.6,-0.6,1.0,1323.44,676.56,-0.009539,0.076078,1.378077
341,0.58,-0.58,1.0,1324.2,675.8,-0.009539,0.076078,1.378077
342,0.92,-0.92,1.0,1324.95,675.05,-0.009539,0.076078,1.378077
343,-0.42,0.42,1.0,1325.69,674.31,-0.009539,0.076078,1.378077
344,0.78,-0.78,1.0,1326.42,673.58,-0.009539,0.076078,1.378077
345,0.6,-0.6,1.0,1327.15,672.85,-0.009539,0.076078,1.378077
346,0.96,-0.96,1.0,1327.88,672.12,-0.009539,0.076078,1.378077
347,-2.0,2.0,0.95,1312.59,687.41,-0.009539,0.076078,1.378077
348,0.32,-0.32,0.95,1313.45,686.55,-0.009539,0.076078,1.378077
349,-0.42,0.42,0.95,1314.29,685.71,-0.009539,0.076078,1.378077
350,0.89,-0.89,0.95,1315.13,684.87,-0.009539,0.076078,1.378077
351,0.32,-0.32,0.95,1315.95,684.05,-0.009539,0.076078,1.378077
352,0.25,-0.25,0.95,1316.77,683.23,-0.009539,0.076078,1.378077
353,-0.37,0.37,0.95,1317.59,682.41,-0.009539,0.076078,1.378077
354,0.61,-0.61,0.95,1318.39,681.61,-0.009539,0.076078,1.378077
355,0.74,-0.74,0.95,1319.19,680.81,-0.009539,0.076078,1.378077
356,-0.84,0.84,0.95,1319.98,680.02,-0.005131,0.07758,1.351809
357,-0.35,0.35,0.95,1320.77,679.23,-0.005131,0.07758,1.351809
358,0.18,-0.18,0.95,1321.54,678.46,-0.005131,0.07758,1.351809
359,0.01,-0.01,0.95,1322.31,677.69,-0.005131,0.07758,1.351809
360,0.5,-0.5,0.95,1323.08,676.92,-0.005131,0.07758,1.351809
361,-0.43,0.43,0.95,1323.84,676.16,-0.005131,0.07758,1.351809
362,0.84,-0.84,0.95,1324.59,675.41,-0.005131,0.07758,1.351809
363,0.22,-0.22,0.95,1325.33,674.67,-0.005131,0.07758,1.351809
364,0.84,-0.84,0.95,1326.07,673.93,-0.005131,0.07758,1.351809
365,-2.0,2.0,0.9,1310.8,689.2,-0.005131,0.07758,1.351809
366,0.95,-0.95,0.9,1311.67,688.33,-0.005131,0.07758,1.351809
367,0.96,-0.96,0.95,1312.53,687.47,-0.005131,0.07758,1.351809
368,-0.25,0.25,0.95,1313.39,686.61,-0.005131,0.07758,1.351809
369,0.42,-0.42,0.95,1314.23,685.77,-0.005131,0.07758,1.351809
370,0.33,-0.33,0.95,1315.07,684.93,-0.005131,0.07758,1.351809
371,0.38,-0.38,0.95,1315.9,684.1,-0.005131,0.07758,1.351809
372,0.53,-0.53,0.95,1316.72,683.28,-0.005131,0.07758,1.351809
373,0.77,-0.77,0.95,1317.53,682.47,-0.005131,0.07758,1.351809
374,-0.86,0.86,0.95,1318.34,681.66,-0.005131,0.07758,1.351809
375,0.84,-0.84,0.95,1319.14,680.86,-0.005131,0.07758,1.351809
376,0.58,-0.58,0.95,1319.93,680.07,-0.005131,0.07758,1.351809
377,0.94,-0.94,0.95,1320.71,679.29,-0.005131,0.07758,1.351809
378,0.93,-0.93,0.95,1321.49,678.51,-0.005131,0.07758,1.351809
379,0.94,-0.94,0.95,1322.26,677.74,-0.005131,0.07758,1.351809
380,0.37,-0.37,0.95,1323.03,676.97,-0.005131,0.07758,1.351809
381,0.67,-0.67,0.95,1323.78,676.22,-0.005131,0.07758,1.351809
382,0.7,-0.7,0.95,1324.53,675.47,-0.005131,0.07758,1.351809
383,0.63,-0.63,0.95,1325.28,674.72,-0.005131,0.07758,1.351809
384,0.27,-0.27,0.95,1326.02,673.98,-0.005131,0.07758,1.351809
385,0.7,-0.7,1.0,1326.75,673.25,-0.005131,0.07758,1.351809
386,0.93,-0.93,1.0,1327.48,672.52,-0.005131,0.07758,1.351809
387,0.76,-0.76,1.0,1328.2,671.8,-0.005131,0.07758,1.351809
388,-0.67,0.67,1.0,1328.91,671.09,-0.010098,0.074802,1.347572
389,0.72,-0.72,1.0,1329.62,670.38,-0.010098,0.074802,1.347572
390,0.76,-0.76,1.0,1330.33,669.67,-0.010098,0.074802,1.347572
391,0.7,-0.7,1.0,1331.03,668.97,-0.010098,0.074802,1.347572
392,-0.2,0.2,1.0,1331.72,668.28,-0.010098,0.074802,1.347572
393,0.66,-0.66,1.0,1332.41,667.59,-0.010098,0.074802,1.347572
394,0.6,-0.6,1.0,1333.09,666.91,-0.010098,0.074802,1.347572
395,-0.09,0.09,1.0,1333.76,666.24,-0.010098,0.074802,1.347572
396,0.92,-0.92,1.0,1334.44,665.56,-0.010098,0.074802,1.347572
397,0.68,-0.68,1.0,1335.1,664.9,-0.010098,0.074802,1.347572
398,0.97,-0.97,1.0,1335.76,664.24,-0.010098,0.074802,1.347572
399,0.8,-0.8,1.0,1336.42,663.58,-0.010098,0.074802,1.347572
400,0.6,-0.6,1.0,1337.07,662.93,-0.010098,0.074802,1.347572
401,0.79,-0.79,1.0,1337.72,662.28,-0.010098,0.074802,1.347572
402,0.68,-0.68,1.0,1338.36,661.64,-0.010098,0.074802,1.347572
403,-0.52,0.52,1.0,1339.0,661.0,-0.010098,0.074802,1.347572
404,0.87,-0.87,1.0,1339.63,660.37,-0.010098,0.074802,1.347572
405,-0.58,0.58,1.0,1340.26,659.74,-0.010098,0.074802,1.347572
406,0.2,-0.2,1.0,1340.88,659.12,-0.010098,0.074802,1.347572
407,-0.84,0.84,1.0,1341.5,658.5,-0.010098,0.074802,1.347572
408,0.24,-0.24,1.0,1342.12,657.88,-0.010098,0.074802,1.347572
409,0.34,-0.34,1.0,1342.73,657.27,-0.010098,0.074802,1.347572
410,0.64,-0.64,1.0,1343.34,656.66,-0.010098,0.074802,1.347572
411,1.0,-1.0,1.0,1343.94,656.06,-0.010098,0.074802,1.347572
412,-0.1,0.1,1.0,1344.54,655.46,-0.010098,0.074802,1.347572
413,0.84,-0.84,1.0,1345.13,654.87,-0.010098,0.074802,1.347572
414,-0.23,0.23,1.0,1345.73,654.27,-0.010098,0.074802,1.347572
415,0.83,-0.83,1.0,1346.31,653.69,-0.010098,0.074802,1.347572
416,0.92,-0.92,1.0,1346.89,653.11,-0.010098,0.074802,1.347572
417,0.72,-0.72,1.0,1347.47,652.53,-0.010098,0.074802,1.347572
418,0.74,-0.74,1.0,1348.05,651.95,-0.010098,0.074802,1.347572
419,-0.02,0.02,1.0,1348.62,651.38,-0.010098,0.074802,1.347572
420,0.3,-0.3,1.0,1349.19,650.81,-0.010098,0.074802,1.347572
421,-0.46,0.46,1.0,1349.75,650.25,-0.006332,0.072967,1.314747
422,0.99,-0.99,1.0,1350.31,649.69,-0.006332,0.072967,1.314747
423,0.97,-0.97,1.0,1350.87,649.13,-0.006332,0.072967,1.314747
424,-2.0,2.0,0.95,1335.42,664.58,-0.006332,0.072967,1.314747
425,0.64,-0.64,0.95,1336.08,663.92,-0.006332,0.072967,1.314747
426,-0.42,0.42,0.95,1336.74,663.26,-0.006332,0.072967,1.314747
427,-0.36,0.36,0.95,1337.39,662.61,-0.006332,0.072967,1.314747
428,0.75,-0.75,0.95,1338.03,661.97,-0.006332,0.072967,1.314747
429,0.27,-0.27,0.95,1338.67,661.33,-0.006332,0.072967,1.314747
430,1.0,-1.0,0.95,1339.31,660.69,-0.006332,0.072967,1.314747
431,0.69,-0.69,0.95,1339.94,660.06,-0.006332,0.072967,1.314747
432,0.29,-0.29,0.95,1340.56,659.44,-0.006332,0.072967,1.314747
433,0.11,-0.11,0.95,1341.19,658.81,-0.006332,0.072967,1.314747
434,-0.4,0.4,0.95,1341.8,658.2,-0.006332,0.072967,1.314747
435,0.37,-0.37,0.95,1342.42,657.58,-0.006332,0.072967,1.314747
436,0.84,-0.84,0.95,1343.03,656.97,-0.006332,0.072967,1.314747
437,0.82,-0.82,0.95,1343.63,656.37,-0.006332,0.072967,1.314747
438,0.81,-0.81,0.95,1344.23,655.77,-0.006332,0.072967,1.314747
439,-0.09,0.09,0.95,1344.83,655.17,-0.006332,0.072967,1.314747
440,-0.16,0.16,0.95,1345.42,654.58,-0.006332,0.072967,1.314747
441,-0.92,0.92,0.95,1346.01,653.99,-0.006332,0.072967,1.314747
442,0.74,-0.74,0.95,1346.6,653.4,-0.006332,0.072967,1.314747
443,0.87,-0.87,0.95,1347.18,652.82,-0.006332,0.072967,1.314747
444,0.2,-0.2,1.0,1347.75,652.25,-0.006332,0.072967,1.314747
445,0.78,-0.78,1.0,1348.33,651.67,-0.006332,0.072967,1.314747
446,0.3,-0.3,1.0,1348.9,651.1,-0.006332,0.072967,1.314747
447,0.68,-0.68,1.0,1349.46,650.54,-0.006332,0.072967,1.314747
448,-2.0,2.0,0.95,1334.03,665.97,-0.006332,0.072967,1.314747
449,-2.0,2.0,0.9,1318.7,681.3,-0.007095,0.060994,1.332158
450,-0.4,0.4,0.9,1319.49,680.51,-0.007095,0.060994,1.332158
451,0.51,-0.51,0.9,1320.28,679.72,-0.007095,0.060994,1.332158
452,0.06,-0.06,0.9,1321.06,678.94,-0.007095,0.060994,1.332158
453,0.3,-0.3,0.9,1321.84,678.16,-0.007095,0.060994,1.332158
454,0.93,-0.93,0.9,1322.6,677.4,-0.007095,0.060994,1.332158
455,-2.0,2.0,0.85,1307.37,692.63,-0.007095,0.060994,1.332158
456,-2.0,2.0,0.8,1292.27,707.73,-0.007095,0.060994,1.332158
457,0.43,-0.43,0.8,1293.34,706.66,-0.007095,0.060994,1.332158
458,-2.0,2.0,0.75,1278.4,721.6,-0.007095,0.060994,1.332158
459,-0.91,0.91,0.75,1279.64,720.36,-0.007095,0.060994,1.332158
460,0.24,-0.24,0.75,1280.87,719.13,-0.007095,0.060994,1.332158
461,-0.62,0.62,0.75,1282.09,717.91,-0.007095,0.060994,1.332158
462,0.73,-0.73,0.75,1283.28,716.72,-0.007095,0.060994,1.332158
463,0.57,-0.57,0.75,1284.46,715.54,-0.007095,0.060994,1.332158
464,0.07,-0.07,0.75,1285.63,714.37,-0.007095,0.060994,1.332158
465,0.87,-0.87,0.75,1286.78,713.22,-0.007095,0.060994,1.332158
466,-0.17,0.17,0.75,1287.92,712.08,-0.007095,0.060994,1.332158
467,-0.28,0.28,0.75,1289.04,710.96,-0.007095,0.060994,1.332158
468,0.02,-0.02,0.8,1290.15,709.85,-0.008264,0.051004,1.331955
469,0.54,-0.54,0.85,1291.24,708.76,-0.008264,0.051004,1.331955
470,0.78,-0.78,0.85,1292.32,707.68,-0.008264,0.051004,1.331955
471,1.0,-1.0,0.85,1293.39,706.61,-0.008264,0.051004,1.331955
472,0.33,-0.33,0.85,1294.45,705.55,-0.008264,0.051004,1.331955
473,0.07,-0.07,0.85,1295.49,704.51,-0.008264,0.051004,1.331955
474,0.36,-0.36,0.85,1296.52,703.48,-0.008264,0.051004,1.331955
475,-0.91,0.91,0.9,1297.54,702.46,-0.008264,0.051004,1.331955
476,-0.06,0.06,0.95,1298.55,701.45,-0.008264,0.051004,1.331955
477,0.01,-0.01,0.95,1299.55,700.45,-0.008264,0.051004,1.331955
478,0.82,-0.82,1.0,1300.53,699.47,-0.008264,0.051004,1.331955
479,0.14,-0.14,1.0,1301.51,698.49,-0.008264,0.051004,1.331955
480,-0.23,0.23,1.0,1302.47,697.53,-0.008264,0.051004,1.331955
481,0.26,-0.26,1.0,1303.43,696.57,-0.008264,0.051004,1.331955
482,-0.43,0.43,1.0,1304.37,695.63,-0.008264,0.051004,1.331955
483,0.98,-0.98,1.0,1305.31,694.69,-0.008264,0.051004,1.331955
484,-0.39,0.39,1.0,1306.23,693.77,-0.008264,0.051004,1.331955
485,-2.0,2.0,0.95,1291.15,708.85,-0.008264,0.051004,1.331955
486,-2.0,2.0,0.9,1276.23,723.77,-0.008264,0.051004,1.331955
487,0.62,-0.62,0.9,1277.51,722.49,-0.008264,0.051004,1.331955
488,0.63,-0.63,0.9,1278.77,721.23,-0.008264,0.051004,1.331955
489,0.58,-0.58,0.9,1280.01,719.99,-0.008264,0.051004,1.331955
490,0.39,-0.39,0.9,1281.23,718.77,-0.008264,0.051004,1.331955
491,0.37,-0.37,0.9,1282.44,717.56,-0.008264,0.051004,1.331955
492,0.6,-0.6,0.9,1283.63,716.37,-0.008264,0.051004,1.331955
493,0.58,-0.58,0.9,1284.81,715.19,-0.007336,0.063868,1.304349
494,0.85,-0.85,0.9,1285.97,714.03,-0.007336,0.063868,1.304349
495,0.86,-0.86,0.9,1287.12,712.88,-0.007336,0.063868,1.304349
496,0.42,-0.42,0.9,1288.25,711.75,-0.007336,0.063868,1.304349
497,-0.6,0.6,0.9,1289.37,710.63,-0.007336,0.063868,1.304349
498,0.9,-0.9,0.9,1290.47,709.53,-0.007336,0.063868,1.304349
499,0.65,-0.65,0.9,1291.56,708.44,-0.007336,0.063868,1.304349
500,-0.65,0.65,0.9,1292.64,707.36,-0.007336,0.063868,1.304349
501,0.22,-0.22,0.9,1293.71,706.29,-0.007336,0.063868,1.304349
502,0.62,-0.62,0.9,1294.76,705.24,-0.007336,0.063868,1.304349
503,0.54,-0.54,0.9,1295.8,704.2,-0.007336,0.063868,1.304349
504,0.89,-0.89,0.9,1296.83,703.17,-0.007336,0.063868,1.304349
505,-0.88,0.88,0.95,1297.84,702.16,-0.007336,0.063868,1.304349
506,0.73,-0.73,1.0,1298.85,701.15,-0.007336,0.063868,1.304349
507,0.34,-0.34,1.0,1299.84,700.16,-0.007336,0.063868,1.304349
508,0.86,-0.86,1.0,1300.82,699.18,-0.007336,0.063868,1.304349
509,0.81,-0.81,1.0,1301.8,698.2,-0.007336,0.063868,1.304349
510,0.64,-0.64,1.0,1302.76,697.24,-0.007336,0.063868,1.304349
511,-2.0,2.0,0.95,1287.71,712.29,-0.007336,0.063868,1.304349
512,0.28,-0.28,0.95,1288.83,711.17,-0.007336,0.063868,1.304349
513,-0.38,0.38,0.95,1289.94,710.06,-0.007336,0.063868,1.304349
514,0.13,-0.13,0.95,1291.04,708.96,-0.007336,0.063868,1.304349
515,0.64,-0.64,0.95,1292.12,707.88,-0.007336,0.063868,1.304349
516,0.72,-0.72,0.95,1293.2,706.8,-0.007336,0.063868,1.304349
517,0.95,-0.95,0.95,1294.25,705.75,-0.007336,0.063868,1.304349
518,0.09,-0.09,0.95,1295.3,704.7,-0.007336,0.063868,1.304349
519,-0.98,0.98,0.95,1296.33,703.67,-0.007336,0.063868,1.304349
520,0.56,-0.56,0.95,1297.36,702.64,-0.007336,0.063868,1.304349
521,-0.79,0.79,0.95,1298.37,701.63,-0.009285,0.076215,1.229744
522,0.89,-0.89,0.95,1299.36,700.64,-0.009285,0.076215,1.229744
523,-0.02,0.02,0.95,1300.35,699.65,-0.009285,0.076215,1.229744
524,-0.59,0.59,0.95,1301.33,698.67,-0.009285,0.076215,1.229744
525,0.88,-0.88,0.95,1302.3,697.7,-0.009285,0.076215,1.229744
526,-2.0,2.0,0.9,1287.25,712.75,-0.009285,0.076215,1.229744
527,-2.0,2.0,0.85,1272.38,727.62,-0.009285,0.076215,1.229744
528,-2.0,2.0,0.8,1257.72,742.28,-0.009285,0.076215,1.229744
529,0.42,-0.42,0.8,1259.28,740.72,-0.009285,0.076215,1.229744
530,-0.24,0.24,0.8,1260.82,739.18,-0.009285,0.076215,1.229744
531,-0.05,0.05,0.85,1262.33,737.67,-0.009285,0.076215,1.229744
532,0.82,-0.82,0.85,1263.82,736.18,-0.009285,0.076215,1.229744
533,0.38,-0.38,0.85,1265.29,734.71,-0.009285,0.076215,1.229744
534,0.41,-0.41,0.85,1266.73,733.27,-0.009285,0.076215,1.229744
535,0.87,-0.87,0.85,1268.15,731.85,-0.009285,0.076215,1.229744
536,-0.99,0.99,0.85,1269.54,730.46,-0.009285,0.076215,1.229744
537,0.68,-0.68,0.85,1270.92,729.08,-0.009285,0.076215,1.229744
538,0.82,-0.82,0.85,1272.27,727.73,-0.009285,0.076215,1.229744
539,0.97,-0.97,0.85,1273.61,726.39,-0.009285,0.076215,1.229744
540,-2.0,2.0,0.8,1258.92,741.08,-0.009285,0.076215,1.229744
541,-0.16,0.16,0.8,1260.47,739.53,-0.009285,0.076215,1.229744
542,0.17,-0.17,0.8,1261.99,738.01,-0.009285,0.076215,1.229744
543,0.96,-0.96,0.8,1263.48,736.52,-0.009285,0.076215,1.229744
544,0.23,-0.23,0.8,1264.95,735.05,-0.007584,0.061092,1.215401
545,-0.49,0.49,0.8,1266.4,733.6,-0.007584,0.061092,1.215401
546,0.44,-0.44,0.85,1267.82,732.18,-0.007584,0.061092,1.215401
547,-0.41,0.41,0.9,1269.22,730.78,-0.007584,0.061092,1.215401
548,0.88,-0.88,0.95,1270.6,729.4,-0.007584,0.061092,1.215401
549,-0.63,0.63,0.95,1271.96,728.04,-0.007584,0.061092,1.215401
550,-0.63,0.63,0.95,1273.3,726.7,-0.007584,0.061092,1.215401
551,0.6,-0.6,0.95,1274.62,725.38,-0.007584,0.061092,1.215401
552,0.82,-0.82,0.95,1275.92,724.08,-0.007584,0.061092,1.215401
553,-0.06,0.06,0.95,1277.2,722.8,-0.007584,0.061092,1.215401
554,-2.0,2.0,0.9,1262.47,737.53,-0.007584,0.061092,1.215401
555,-0.76,0.76,0.9,1263.95,736.05,-0.007584,0.061092,1.215401
556,0.15,-0.15,0.9,1265.42,734.58,-0.007584,0.061092,1.215401
557,0.97,-0.97,0.9,1266.85,733.15,-0.007584,0.061092,1.215401
558,0.31,-0.31,0.9,1268.27,731.73,-0.007584,0.061092,1.215401
559,-0.38,0.38,0.9,1269.67,730.33,-0.007584,0.061092,1.215401
560,-2.0,2.0,0.9,1255.04,744.96,-0.007584,0.061092,1.215401
561,0.96,-0.96,0.9,1256.65,743.35,-0.007584,0.061092,1.215401
562,-0.45,0.45,0.9,1258.24,741.76,-0.007584,0.061092,1.215401
563,-2.0,2.0,0.85,1243.79,756.21,-0.009494,0.058883,1.165864
564,0.66,-0.66,0.85,1245.62,754.38,-0.009494,0.058883,1.165864
565,0.19,-0.19,0.85,1247.4,752.6,-0.009494,0.058883,1.165864
566,0.21,-0.21,0.85,1249.15,750.85,-0.009494,0.058883,1.165864
567,-2.0,2.0,0.8,1234.87,765.13,-0.009494,0.058883,1.165864
568,0.91,-0.91,0.8,1236.88,763.12,-0.009494,0.058883,1.165864
569,0.64,-0.64,0.8,1238.85,761.15,-0.009494,0.058883,1.165864
570,-2.0,2.0,0.75,1224.77,775.23,-0.009494,0.058883,1.165864
571,-2.0,2.0,0.7,1211.01,788.99,-0.009494,0.058883,1.165864
572,-0.35,0.35,0.7,1213.6,786.4,-0.009494,0.058883,1.165864
573,-2.0,2.0,0.65,1200.12,799.88,-0.009494,0.058883,1.165864
574,-0.15,0.15,0.7,1203.02,796.98,-0.009494,0.058883,1.165864
575,-2.0,2.0,0.65,1189.84,810.16,-0.009494,0.058883,1.165864
576,-0.25,0.25,0.65,1193.08,806.92,-0.009494,0.058883,1.165864
577,0.25,-0.25,0.65,1196.2,803.8,-0.009494,0.058883,1.165864
578,-0.4,0.4,0.65,1199.23,800.77,-0.009494,0.058883,1.165864
579,0.08,-0.08,0.65,1202.16,797.84,-0.009494,0.058883,1.165864
580,0.78,-0.78,0.7,1205.01,794.99,-0.007444,0.044596,1.170363
581,-0.41,0.41,0.7,1207.77,792.23,-0.007444,0.044596,1.170363
582,-2.0,2.0,0.65,1194.45,805.55,-0.007444,0.044596,1.170363
583,0.46,-0.46,0.7,1197.53,802.47,-0.007444,0.044596,1.170363
584,-0.87,0.87,0.7,1200.52,799.48,-0.007444,0.044596,1.170363
585,-2.0,2.0,0.65,1187.41,812.59,-0.007444,0.044596,1.170363
586,-2.0,2.0,0.6,1174.72,825.28,-0.007444,0.044596,1.170363
587,-2.0,2.0,0.6,1162.5,837.5,-0.007444,0.044596,1.170363
588,0.62,-0.62,0.6,1166.77,833.23,-0.007444,0.044596,1.170363
589,0.36,-0.36,0.6,1170.86,829.14,-0.007444,0.044596,1.170363
590,0.72,-0.72,0.65,1174.79,825.21,-0.007444,0.044596,1.170363
591,-0.83,0.83,0.7,1178.56,821.44,-0.007444,0.044596,1.170363
592,-2.0,2.0,0.65,1166.19,833.81,-0.007444,0.044596,1.170363
593,0.53,-0.53,0.7,1170.31,829.69,-0.007444,0.044596,1.170363
594,-2.0,2.0,0.65,1158.26,841.74,-0.007444,0.044596,1.170363
595,-2.0,2.0,0.65,1146.71,853.29,-0.008789,0.045081,1.148843
596,0.42,-0.42,0.65,1151.7,848.3,-0.008789,0.045081,1.148843
597,-2.0,2.0,0.6,1140.45,859.55,-0.008789,0.045081,1.148843
598,-0.67,0.67,0.6,1145.75,854.25,-0.008789,0.045081,1.148843
599,0.89,-0.89,0.6,1150.79,849.21,-0.008789,0.045081,1.148843
600,-2.0,2.0,0.55,1139.58,860.42,-0.008789,0.045081,1.148843
601,-0.09,0.09,0.55,1144.92,855.08,-0.008789,0.045081,1.148843
602,-0.04,0.04,0.6,1150.0,850.0,-0.008789,0.045081,1.148843
603,-0.55,0.55,0.6,1154.83,845.17,-0.008789,0.045081,1.148843
604,0.26,-0.26,0.6,1159.44,840.56,-0.008789,0.045081,1.148843
605,-0.41,0.41,0.65,1163.84,836.16,-0.008789,0.045081,1.148843
606,0.71,-0.71,0.7,1168.06,831.94,-0.008789,0.045081,1.148843
607,-2.0,2.0,0.7,1156.09,843.91,-0.008789,0.045081,1.148843
608,-2.0,2.0,0.65,1144.64,855.36,-0.008789,0.045081,1.148843
609,-2.0,2.0,0.6,1133.73,866.27,-0.008789,0.045081,1.148843
610,0.52,-0.52,0.6,1139.39,860.61,-0.008789,0.045081,1.148843
611,-0.22,0.22,0.6,1144.74,855.26,-0.005623,0.043413,0.979107
612,-2.0,2.0,0.6,1133.82,866.18,-0.005623,0.043413,0.979107
613,-2.0,2.0,0.55,1123.47,876.53,-0.005623,0.043413,0.979107
614,-2.0,2.0,0.55,1113.69,886.31,-0.005623,0.043413,0.979107
615,0.04,-0.04,0.6,1120.5,879.5,-0.005623,0.043413,0.979107
616,-2.0,2.0,0.55,1110.89,889.11,-0.005623,0.043413,0.979107
617,-0.39,0.39,0.6,1117.87,882.13,-0.005623,0.043413,0.979107
618,1.0,-1.0,0.6,1124.42,875.58,-0.005623,0.043413,0.979107
619,0.55,-0.55,0.6,1130.59,869.41,-0.005623,0.043413,0.979107
620,-2.0,2.0,0.6,1120.41,879.59,-0.005623,0.043413,0.979107
621,-0.16,0.16,0.6,1126.81,873.19,-0.005623,0.043413,0.979107
622,-0.58,0.58,0.6,1132.84,867.16,-0.005623,0.043413,0.979107
623,0.91,-0.91,0.6,1138.54,861.46,-0.005623,0.043413,0.979107
624,0.13,-0.13,0.6,1143.94,856.06,-0.005623,0.043413,0.979107
625,-0.33,0.33,0.6,1149.06,850.94,-0.005623,0.043413,0.979107
626,0.9,-0.9,0.6,1153.94,846.06,-0.005623,0.043413,0.979107
627,-2.0,2.0,0.6,1142.59,857.41,-0.002921,0.056094,1.069491
628,-0.75,0.75,0.65,1147.78,852.22,-0.002921,0.056094,1.069491
629,-2.0,2.0,0.65,1136.72,863.28,-0.002921,0.056094,1.069491
630,0.4,-0.4,0.65,1142.21,857.79,-0.002921,0.056094,1.069491
631,0.28,-0.28,0.65,1147.42,852.58,-0.002921,0.056094,1.069491
632,0.92,-0.92,0.7,1152.37,847.63,-0.002921,0.056094,1.069491
633,0.81,-0.81,0.75,1157.09,842.91,-0.002921,0.056094,1.069491
634,0.06,-0.06,0.8,1161.6,838.4,-0.002921,0.056094,1.069491
635,0.42,-0.42,0.8,1165.91,834.09,-0.002921,0.056094,1.069491
636,0.7,-0.7,0.85,1170.04,829.96,-0.002921,0.056094,1.069491
637,0.78,-0.78,0.85,1174.0,826.0,-0.002921,0.056094,1.069491
638,-0.63,0.63,0.85,1177.8,822.2,-0.002921,0.056094,1.069491
639,-2.0,2.0,0.8,1165.46,834.54,-0.002921,0.056094,1.069491
640,-2.0,2.0,0.8,1153.6,846.4,-0.002921,0.056094,1.069491
641,0.85,-0.85,0.8,1158.27,841.73,-0.002921,0.056094,1.069491
642,-2.0,2.0,0.75,1146.72,853.28,-0.002921,0.056094,1.069491
643,0.71,-0.71,0.75,1151.71,848.29,-0.002921,0.056094,1.069491
644,-2.0,2.0,0.7,1140.46,859.54,-0.002921,0.056094,1.069491
645,-2.0,2.0,0.65,1129.76,870.24,-0.002921,0.056094,1.069491
646,-0.42,0.42,0.65,1135.63,864.37,-0.005278,0.066146,1.035217
647,-0.69,0.69,0.7,1141.18,858.82,-0.005278,0.066146,1.035217
648,-0.76,0.76,0.7,1146.44,853.56,-0.005278,0.066146,1.035217
649,0.55,-0.55,0.75,1151.44,848.56,-0.005278,0.066146,1.035217
650,-2.0,2.0,0.7,1140.21,859.79,-0.005278,0.066146,1.035217
651,-0.35,0.35,0.7,1145.52,854.48,-0.005278,0.066146,1.035217
652,0.54,-0.54,0.7,1150.56,849.44,-0.005278,0.066146,1.035217
653,-0.63,0.63,0.7,1155.37,844.63,-0.005278,0.066146,1.035217
654,-2.0,2.0,0.65,1143.95,856.05,-0.005278,0.066146,1.035217
655,0.15,-0.15,0.65,1149.08,850.92,-0.005278,0.066146,1.035217
656,-2.0,2.0,0.6,1137.95,862.05,-0.005278,0.066146,1.035217
657,-2.0,2.0,0.55,1127.38,872.62,-0.005278,0.066146,1.035217
658,-0.25,0.25,0.55,1133.38,866.62,-0.005278,0.066146,1.035217
659,-2.0,2.0,0.55,1123.05,876.95,-0.002887,0.05242,0.792479
660,-0.18,0.18,0.6,1129.29,870.71,-0.002887,0.05242,0.792479
661,0.22,-0.22,0.6,1135.19,864.81,-0.002887,0.05242,0.792479
662,-0.38,0.38,0.65,1140.76,859.24,-0.002887,0.05242,0.792479
663,-2.0,2.0,0.6,1130.04,869.96,-0.002887,0.05242,0.792479
664,-0.95,0.95,0.65,1135.9,864.1,-0.002887,0.05242,0.792479
665,-2.0,2.0,0.65,1125.43,874.57,-0.002887,0.05242,0.792479
666,-0.48,0.48,0.65,1131.54,868.46,-0.002887,0.05242,0.792479
667,0.28,-0.28,0.65,1137.31,862.69,-0.002887,0.05242,0.792479
668,-0.64,0.64,0.65,1142.77,857.23,-0.002887,0.05242,0.792479
669,-2.0,2.0,0.6,1131.95,868.05,-0.002887,0.05242,0.792479
670,0.25,-0.25,0.65,1137.7,862.3,-0.002887,0.05242,0.792479
671,0.76,-0.76,0.65,1143.14,856.86,-0.002887,0.05242,0.792479
672,-2.0,2.0,0.6,1132.31,867.69,-0.002887,0.05242,0.792479
673,-2.0,2.0,0.55,1122.03,877.97,-0.002887,0.05242,0.792479
674,-0.06,0.06,0.6,1128.34,871.66,-0.004996,0.050089,0.77778
675,0.76,-0.76,0.6,1134.28,865.72,-0.004996,0.050089,0.77778
676,-2.0,2.0,0.6,1123.91,876.09,-0.004996,0.050089,0.77778
677,-2.0,2.0,0.6,1114.1,885.9,-0.004996,0.050089,0.77778
678,0.19,-0.19,0.6,1120.88,879.12,-0.004996,0.050089,0.77778
679,0.92,-0.92,0.65,1127.25,872.75,-0.004996,0.050089,0.77778
680,-2.0,2.0,0.6,1117.26,882.74,-0.004996,0.050089,0.77778
681,-2.0,2.0,0.55,1107.85,892.15,-0.004996,0.050089,0.77778
682,0.52,-0.52,0.55,1115.02,884.98,-0.004996,0.050089,0.77778
683,0.64,-0.64,0.6,1121.74,878.26,-0.004996,0.050089,0.77778
684,0.99,-0.99,0.6,1128.07,871.93,-0.004996,0.050089,0.77778
685,-2.0,2.0,0.6,1118.03,881.97,-0.004996,0.050089,0.77778
686,-0.3,0.3,0.6,1124.57,875.43,-0.004996,0.050089,0.77778
687,-2.0,2.0,0.55,1114.73,885.27,-0.004996,0.050089,0.77778
688,-2.0,2.0,0.5,1105.47,894.53,-0.004996,0.050089,0.77778
689,-0.16,0.16,0.55,1112.8,887.2,-0.004996,0.050089,0.77778
690,0.39,-0.39,0.55,1119.66,880.34,-0.004996,0.050089,0.77778
691,-0.18,0.18,0.55,1126.1,873.9,-0.005236,0.059212,0.868602
692,-2.0,2.0,0.55,1116.17,883.83,-0.005236,0.059212,0.868602
693,-2.0,2.0,0.55,1106.83,893.17,-0.005236,0.059212,0.868602
694,-2.0,2.0,0.5,1098.06,901.94,-0.005236,0.059212,0.868602
695,-0.58,0.58,0.5,1105.88,894.12,-0.005236,0.059212,0.868602
696,0.81,-0.81,0.55,1113.18,886.82,-0.005236,0.059212,0.868602
697,-2.0,2.0,0.55,1104.02,895.98,-0.005236,0.059212,0.868602
698,-2.0,2.0,0.5,1095.44,904.56,-0.005236,0.059212,0.868602
699,0.57,-0.57,0.5,1103.44,896.56,-0.005236,0.059212,0.868602
700,-2.0,2.0,0.5,1094.9,905.1,-0.005236,0.059212,0.868602
701,0.49,-0.49,0.55,1102.94,897.06,-0.005236,0.059212,0.868602
702,-2.0,2.0,0.5,1094.43,905.57,-0.005236,0.059212,0.868602
703,0.92,-0.92,0.5,1102.5,897.5,-0.005236,0.059212,0.868602
704,-0.31,0.31,0.5,1110.02,889.98,-0.005236,0.059212,0.868602
705,0.33,-0.33,0.55,1117.05,882.95,-0.005236,0.059212,0.868602
706,-2.0,2.0,0.5,1107.65,892.35,-0.002877,0.05014,0.628631
707,-2.0,2.0,0.5,1098.84,901.16,-0.002877,0.05014,0.628631
708,0.09,-0.09,0.55,1106.6,893.4,-0.002877,0.05014,0.628631
709,-0.77,0.77,0.55,1113.86,886.14,-0.002877,0.05014,0.628631
710,-2.0,2.0,0.5,1104.65,895.35,-0.002877,0.05014,0.628631
711,-0.63,0.63,0.5,1112.03,887.97,-0.002877,0.05014,0.628631
712,-2.0,2.0,0.5,1102.94,897.06,-0.002877,0.05014,0.628631
713,-0.66,0.66,0.55,1110.43,889.57,-0.002877,0.05014,0.628631
714,-2.0,2.0,0.55,1101.44,898.56,-0.002877,0.05014,0.628631
715,0.58,-0.58,0.55,1109.03,890.97,-0.002877,0.05014,0.628631
716,-2.0,2.0,0.5,1100.13,899.87,-0.002877,0.05014,0.628631
717,-2.0,2.0,0.5,1091.81,908.19,-0.002877,0.05014,0.628631
718,-2.0,2.0,0.5,1084.06,915.94,-0.004392,0.036403,0.841226
719,-2.0,2.0,0.45,1076.87,923.13,-0.004392,0.036403,0.841226
720,-2.0,2.0,0.45,1070.22,929.78,-0.004392,0.036403,0.841226
721,-2.0,2.0,0.4,1064.08,935.92,-0.004392,0.036403,0.841226
722,-2.0,2.0,0.4,1058.44,941.56,-0.004392,0.036403,0.841226
723,-2.0,2.0,0.35,1053.25,946.75,-0.004392,0.036403,0.841226
724,-2.0,2.0,0.3,1048.49,951.51,-0.004392,0.036403,0.841226
725,0.02,-0.02,0.3,1060.14,939.86,-0.004392,0.036403,0.841226
726,-2.0,2.0,0.3,1054.81,945.19,-0.004392,0.036403,0.841226
727,0.41,-0.41,0.35,1065.92,934.08,-0.004392,0.036403,0.841226
728,-2.0,2.0,0.3,1060.13,939.87,-0.004392,0.036403,0.841226
729,-0.72,0.72,0.3,1070.8,929.2,-0.004392,0.036403,0.841226
730,-0.77,0.77,0.35,1080.62,919.38,-0.005794,0.028403,0.688226
731,0.22,-0.22,0.35,1089.68,910.32,-0.005794,0.028403,0.688226
732,0.79,-0.79,0.4,1098.09,901.91,-0.005794,0.028403,0.688226
733,0.81,-0.81,0.4,1105.9,894.1,-0.005794,0.028403,0.688226
734,-2.0,2.0,0.4,1097.2,902.8,-0.005794,0.028403,0.688226
735,-2.0,2.0,0.35,1089.08,910.92,-0.005794,0.028403,0.688226
736,-0.98,0.98,0.4,1097.53,902.47,-0.005794,0.028403,0.688226
737,0.69,-0.69,0.45,1105.38,894.62,-0.005794,0.028403,0.688226
738,-2.0,2.0,0.45,1096.71,903.29,-0.005794,0.028403,0.688226
739,-2.0,2.0,0.45,1088.62,911.38,-0.005794,0.028403,0.688226
740,-0.58,0.58,0.5,1097.1,902.9,-0.005794,0.028403,0.688226
741,-2.0,2.0,0.5,1088.99,911.01,-0.005794,0.028403,0.688226
742,-2.0,2.0,0.5,1081.44,918.56,-0.005794,0.028403,0.688226
743,-2.0,2.0,0.5,1074.45,925.55,-0.00238,0.048889,0.727105
744,-2.0,2.0,0.5,1067.98,932.02,-0.00238,0.048889,0.727105
745,-2.0,2.0,0.45,1062.02,937.98,-0.00238,0.048889,0.727105
746,0.86,-0.86,0.5,1072.54,927.46,-0.00238,0.048889,0.727105
747,-2.0,2.0,0.45,1066.22,933.78,-0.00238,0.048889,0.727105
748,0.52,-0.52,0.5,1076.4,923.6,-0.00238,0.048889,0.727105
749,-2.0,2.0,0.45,1069.78,930.22,-0.00238,0.048889,0.727105
750,-0.39,0.39,0.45,1079.68,920.32,-0.00238,0.048889,0.727105
751,-2.0,2.0,0.4,1072.82,927.18,-0.00238,0.048889,0.727105
752,-2.0,2.0,0.35,1066.48,933.52,-0.00238,0.048889,0.727105
753,-2.0,2.0,0.3,1060.64,939.36,-0.00238,0.048889,0.727105
754,0.25,-0.25,0.35,1071.27,928.73,-0.00238,0.048889,0.727105
755,-0.31,0.31,0.4,1081.05,918.95,-0.00238,0.048889,0.727105
756,0.04,-0.04,0.4,1090.08,909.92,-0.00238,0.048889,0.727105
757,-2.0,2.0,0.35,1082.46,917.54,-8.2e-05,0.051173,0.555125
758,0.73,-0.73,0.4,1091.39,908.61,-8.2e-05,0.051173,0.555125
759,-2.0,2.0,0.4,1083.67,916.33,-8.2e-05,0.051173,0.555125
760,-0.06,0.06,0.4,1092.51,907.49,-8.2e-05,0.051173,0.555125
761,-2.0,2.0,0.4,1084.71,915.29,-8.2e-05,0.051173,0.555125
762,0.13,-0.13,0.45,1093.47,906.53,-8.2e-05,0.051173,0.555125
763,0.81,-0.81,0.5,1101.61,898.39,-8.2e-05,0.051173,0.555125
764,-2.0,2.0,0.5,1093.19,906.81,-8.2e-05,0.051173,0.555125
765,-0.26,0.26,0.55,1101.34,898.66,-8.2e-05,0.051173,0.555125
766,-2.0,2.0,0.5,1092.94,907.06,-8.2e-05,0.051173,0.555125
767,-2.0,2.0,0.5,1085.12,914.88,-8.2e-05,0.051173,0.555125
768,-0.6,0.6,0.5,1093.85,906.15,-8.2e-05,0.051173,0.555125
769,-2.0,2.0,0.5,1085.96,914.04,-8.2e-05,0.051173,0.555125
770,-0.52,0.52,0.5,1094.63,905.37,-8.2e-05,0.051173,0.555125
771,-2.0,2.0,0.5,1086.68,913.32,-0.003489,0.054944,0.658701
772,0.46,-0.46,0.55,1095.3,904.7,-0.003489,0.054944,0.658701
773,-2.0,2.0,0.55,1087.31,912.69,-0.003489,0.054944,0.658701
774,-2.0,2.0,0.5,1079.88,920.12,-0.003489,0.054944,0.658701
775,0.75,-0.75,0.5,1089.01,910.99,-0.003489,0.054944,0.658701
776,-2.0,2.0,0.45,1081.46,918.54,-0.003489,0.054944,0.658701
777,-2.0,2.0,0.45,1074.46,925.54,-0.003489,0.054944,0.658701
778,-2.0,2.0,0.4,1067.99,932.01,-0.003489,0.054944,0.658701
779,0.73,-0.73,0.45,1078.03,921.97,-0.003489,0.054944,0.658701
780,-2.0,2.0,0.4,1071.29,928.71,-0.003489,0.054944,0.658701
781,-2.0,2.0,0.4,1065.07,934.93,-0.003489,0.054944,0.658701
782,-2.0,2.0,0.35,1059.34,940.66,-0.003489,0.054944,0.658701
783,-0.03,0.03,0.35,1070.08,929.92,-0.003489,0.054944,0.658701
784,-2.0,2.0,0.35,1063.96,936.04,-0.003364,0.035345,0.530237
785,-0.39,0.39,0.35,1074.32,925.68,-0.003364,0.035345,0.530237
786,0.28,-0.28,0.4,1083.86,916.14,-0.003364,0.035345,0.530237
787,-0.28,0.28,0.45,1092.69,907.31,-0.003364,0.035345,0.530237
788,-2.0,2.0,0.4,1084.88,915.12,-0.003364,0.035345,0.530237
789,-2.0,2.0,0.4,1077.63,922.37,-0.003364,0.035345,0.530237
790,-0.04,0.04,0.4,1086.92,913.08,-0.003364,0.035345,0.530237
791,-2.0,2.0,0.4,1079.52,920.48,-0.003364,0.035345,0.530237
792,-2.0,2.0,0.35,1072.67,927.33,-0.003364,0.035345,0.530237
793,-2.0,2.0,0.35,1066.34,933.66,-0.003364,0.035345,0.530237
794,-2.0,2.0,0.35,1060.51,939.49,-0.003364,0.035345,0.530237
795,-2.0,2.0,0.3,1055.15,944.85,-0.003364,0.035345,0.530237
796,-2.0,2.0,0.3,1050.24,949.76,-0.002381,0.033966,0.583582
797,-0.02,0.02,0.35,1061.73,938.27,-0.002381,0.033966,0.583582
798,-2.0,2.0,0.35,1056.28,943.72,-0.002381,0.033966,0.583582
799,-2.0,2.0,0.3,1051.27,948.73,-0.002381,0.033966,0.583582
800,-2.0,2.0,0.3,1046.68,953.32,-0.002381,0.033966,0.583582
801,-2.0,2.0,0.3,1042.48,957.52,-0.002381,0.033966,0.583582
802,-2.0,2.0,0.3,1038.64,961.36,-0.002381,0.033966,0.583582
803,-2.0,2.0,0.25,1035.14,964.86,-0.002381,0.033966,0.583582
804,-0.74,0.74,0.3,1047.95,952.05,-0.002381,0.033966,0.583582
805,-2.0,2.0,0.25,1043.64,956.36,-0.002381,0.033966,0.583582
806,-2.0,2.0,0.2,1039.7,960.3,-0.002381,0.033966,0.583582
807,-2.0,2.0,0.15,1036.11,963.89,-0.005741,0.026427,0.629842
808,-2.0,2.0,0.15,1032.83,967.17,-0.005741,0.026427,0.629842
809,-0.03,0.03,0.2,1045.84,954.16,-0.005741,0.026427,0.629842
810,-2.0,2.0,0.15,1041.72,958.28,-0.005741,0.026427,0.629842
811,-2.0,2.0,0.15,1037.95,962.05,-0.005741,0.026427,0.629842
812,-2.0,2.0,0.15,1034.51,965.49,-0.005741,0.026427,0.629842
813,-2.0,2.0,0.15,1031.37,968.63,-0.005741,0.026427,0.629842
814,-0.09,0.09,0.2,1044.51,955.49,-0.005741,0.026427,0.629842
815,-2.0,2.0,0.2,1040.5,959.5,-0.005741,0.026427,0.629842
816,-2.0,2.0,0.2,1036.83,963.17,-0.005741,0.026427,0.629842
817,-2.0,2.0,0.15,1033.49,966.51,-0.005741,0.026427,0.629842
818,-0.83,0.83,0.2,1046.44,953.56,-0.002621,0.02648,0.640335
819,-2.0,2.0,0.2,1042.27,957.73,-0.002621,0.02648,0.640335
820,-2.0,2.0,0.2,1038.45,961.55,-0.002621,0.02648,0.640335
821,0.86,-0.86,0.25,1050.96,949.04,-0.002621,0.02648,0.640335
822,-0.42,0.42,0.3,1062.4,937.6,-0.002621,0.02648,0.640335
823,-2.0,2.0,0.3,1056.89,943.11,-0.002621,0.02648,0.640335
824,-0.92,0.92,0.3,1067.83,932.17,-0.002621,0.02648,0.640335
825,-0.02,0.02,0.35,1077.88,922.12,-0.002621,0.02648,0.640335
826,-2.0,2.0,0.35,1071.15,928.85,-0.002621,0.02648,0.640335
827,-2.0,2.0,0.35,1064.94,935.06,-0.002621,0.02648,0.640335
828,-2.0,2.0,0.35,1059.22,940.78,-0.002621,0.02648,0.640335
829,-0.75,0.75,0.35,1069.97,930.03,-0.002621,0.02648,0.640335
830,-2.0,2.0,0.35,1063.85,936.15,-0.002583,0.05426,0.555766
831,0.8,-0.8,0.4,1074.22,925.78,-0.002583,0.05426,0.555766
832,-0.3,0.3,0.45,1083.78,916.22,-0.002583,0.05426,0.555766
833,-2.0,2.0,0.45,1076.61,923.39,-0.002583,0.05426,0.555766
834,-2.0,2.0,0.4,1069.98,930.02,-0.002583,0.05426,0.555766
835,-2.0,2.0,0.4,1063.86,936.14,-0.002583,0.05426,0.555766
836,-2.0,2.0,0.4,1058.23,941.77,-0.002583,0.05426,0.555766
837,-2.0,2.0,0.4,1053.06,946.94,-0.002583,0.05426,0.555766
838,-2.0,2.0,0.35,1048.32,951.68,-0.002583,0.05426,0.555766
839,-2.0,2.0,0.35,1043.98,956.02,-0.002583,0.05426,0.555766
840,-2.0,2.0,0.35,1040.01,959.99,-0.002583,0.05426,0.555766
841,-0.23,0.23,0.35,1052.39,947.61,-0.002583,0.05426,0.555766
842,-2.0,2.0,0.3,1047.71,952.29,-0.002903,0.034715,0.516878
843,-0.48,0.48,0.35,1059.42,940.58,-0.002903,0.034715,0.516878
844,0.98,-0.98,0.35,1070.15,929.85,-0.002903,0.034715,0.516878
845,-2.0,2.0,0.3,1064.02,935.98,-0.002903,0.034715,0.516878
846,-2.0,2.0,0.3,1058.38,941.62,-0.002903,0.034715,0.516878
847,-2.0,2.0,0.3,1053.19,946.81,-0.002903,0.034715,0.516878
848,-2.0,2.0,0.3,1048.44,951.56,-0.002903,0.034715,0.516878
849,-0.27,0.27,0.3,1060.09,939.91,-0.002903,0.034715,0.516878
850,-0.31,0.31,0.35,1070.77,929.23,-0.002903,0.034715,0.516878
851,0.14,-0.14,0.35,1080.59,919.41,-0.002903,0.034715,0.516878
852,0.99,-0.99,0.35,1089.66,910.34,-0.002903,0.034715,0.516878
853,-2.0,2.0,0.35,1082.06,917.94,-0.002903,0.034715,0.516878
854,-0.37,0.37,0.4,1091.02,908.98,-0.002903,0.034715,0.516878
855,-2.0,2.0,0.4,1083.33,916.67,-0.002903,0.034715,0.516878
856,-2.0,2.0,0.4,1076.19,923.81,-0.006045,0.051826,0.453862
857,0.62,-0.62,0.45,1085.59,914.41,-0.006045,0.051826,0.453862
858,0.27,-0.27,0.5,1094.29,905.71,-0.006045,0.051826,0.453862
859,-2.0,2.0,0.5,1086.37,913.63,-0.006045,0.051826,0.453862
860,-2.0,2.0,0.5,1079.01,920.99,-0.006045,0.051826,0.453862
861,-2.0,2.0,0.45,1072.2,927.8,-0.006045,0.051826,0.453862
862,-2.0,2.0,0.45,1065.91,934.09,-0.006045,0.051826,0.453862
863,-2.0,2.0,0.4,1060.11,939.89,-0.006045,0.051826,0.453862
864,-2.0,2.0,0.35,1054.79,945.21,-0.006045,0.051826,0.453862
865,-2.0,2.0,0.35,1049.9,950.1,-0.006045,0.051826,0.453862
866,-2.0,2.0,0.35,1045.43,954.57,-0.006045,0.051826,0.453862
867,-0.07,0.07,0.4,1057.34,942.66,-0.006045,0.051826,0.453862
868,-2.0,2.0,0.4,1052.24,947.76,-0.004933,0.033505,0.410412
869,0.73,-0.73,0.4,1063.57,936.43,-0.004933,0.033505,0.410412
870,-2.0,2.0,0.35,1057.96,942.04,-0.004933,0.033505,0.410412
871,-2.0,2.0,0.3,1052.81,947.19,-0.004933,0.033505,0.410412
872,-2.0,2.0,0.25,1048.09,951.91,-0.004933,0.033505,0.410412
873,-2.0,2.0,0.25,1043.77,956.23,-0.004933,0.033505,0.410412
874,0.71,-0.71,0.25,1055.82,944.18,-0.004933,0.033505,0.410412
875,-2.0,2.0,0.25,1050.85,949.15,-0.004933,0.033505,0.410412
876,-0.27,0.27,0.3,1062.3,937.7,-0.004933,0.033505,0.410412
877,-0.97,0.97,0.3,1072.79,927.21,-0.004933,0.033505,0.410412
878,0.98,-0.98,0.3,1082.46,917.54,-0.004933,0.033505,0.410412
879,-2.0,2.0,0.3,1075.38,924.62,-0.004933,0.033505,0.410412
880,-2.0,2.0,0.3,1068.85,931.15,-0.004933,0.033505,0.410412
881,0.15,-0.15,0.35,1078.82,921.18,-0.004933,0.033505,0.410412
882,0.03,-0.03,0.4,1088.02,911.98,-0.004933,0.033505,0.410412
883,-2.0,2.0,0.4,1080.54,919.46,-0.00255,0.05844,0.376502
884,-2.0,2.0,0.4,1073.61,926.39,-0.00255,0.05844,0.376502
885,-2.0,2.0,0.4,1067.21,932.79,-0.00255,0.05844,0.376502
886,-2.0,2.0,0.4,1061.31,938.69,-0.00255,0.05844,0.376502
887,0.24,-0.24,0.4,1071.89,928.11,-0.00255,0.05844,0.376502
888,0.24,-0.24,0.45,1081.62,918.38,-0.00255,0.05844,0.376502
889,-2.0,2.0,0.4,1074.61,925.39,-0.00255,0.05844,0.376502
890,-2.0,2.0,0.4,1068.13,931.87,-0.00255,0.05844,0.376502
891,-2.0,2.0,0.4,1062.16,937.84,-0.00255,0.05844,0.376502
892,-2.0,2.0,0.4,1056.67,943.33,-0.00255,0.05844,0.376502
893,-2.0,2.0,0.4,1051.63,948.37,-0.00255,0.05844,0.376502
894,0.9,-0.9,0.4,1063.01,936.99,-0.00255,0.05844,0.376502
895,-2.0,2.0,0.4,1057.45,942.55,-0.003473,0.032353,0.415904
896,-0.6,0.6,0.4,1068.34,931.66,-0.003473,0.032353,0.415904
897,-0.35,0.35,0.4,1078.35,921.65,-0.003473,0.032353,0.415904
898,0.8,-0.8,0.4,1087.59,912.41,-0.003473,0.032353,0.415904
899,-2.0,2.0,0.4,1080.14,919.86,-0.003473,0.032353,0.415904
900,-2.0,2.0,0.4,1073.24,926.76,-0.003473,0.032353,0.415904
901,-2.0,2.0,0.35,1066.87,933.13,-0.003473,0.032353,0.415904
902,-2.0,2.0,0.3,1061.0,939.0,-0.003473,0.032353,0.415904
903,-2.0,2.0,0.3,1055.6,944.4,-0.003473,0.032353,0.415904
904,-2.0,2.0,0.3,1050.65,949.35,-0.003473,0.032353,0.415904
905,-2.0,2.0,0.3,1046.11,953.89,-0.003473,0.032353,0.415904
906,-0.82,0.82,0.35,1057.96,942.04,-0.003473,0.032353,0.415904
907,-2.0,2.0,0.3,1052.81,947.19,-0.001001,0.040252,0.380409
908,0.59,-0.59,0.3,1064.09,935.91,-0.001001,0.040252,0.380409
909,-2.0,2.0,0.3,1058.44,941.56,-0.001001,0.040252,0.380409
910,-2.0,2.0,0.3,1053.25,946.75,-0.001001,0.040252,0.380409
911,-2.0,2.0,0.3,1048.5,951.5,-0.001001,0.040252,0.380409
912,-2.0,2.0,0.3,1044.14,955.86,-0.001001,0.040252,0.380409
913,-2.0,2.0,0.3,1040.16,959.84,-0.001001,0.040252,0.380409
914,-2.0,2.0,0.25,1036.53,963.47,-0.001001,0.040252,0.380409
915,-2.0,2.0,0.25,1033.21,966.79,-0.001001,0.040252,0.380409
916,-2.0,2.0,0.2,1030.19,969.81,-0.001001,0.040252,0.380409
917,-2.0,2.0,0.15,1027.44,972.56,-0.001001,0.040252,0.380409
918,0.36,-0.36,0.15,1040.93,959.07,-0.001001,0.040252,0.380409
919,-2.0,2.0,0.15,1037.23,962.77,-0.001767,0.027483,0.338945
920,0.36,-0.36,0.2,1049.85,950.15,-0.001767,0.027483,0.338945
921,-2.0,2.0,0.2,1045.38,954.62,-0.001767,0.027483,0.338945
922,-2.0,2.0,0.2,1041.3,958.7,-0.001767,0.027483,0.338945
923,-2.0,2.0,0.2,1037.56,962.44,-0.001767,0.027483,0.338945
924,-2.0,2.0,0.2,1034.16,965.84,-0.001767,0.027483,0.338945
925,-2.0,2.0,0.2,1031.05,968.95,-0.001767,0.027483,0.338945
926,-2.0,2.0,0.15,1028.22,971.78,-0.001767,0.027483,0.338945
927,-2.0,2.0,0.15,1025.64,974.36,-0.001767,0.027483,0.338945
928,-2.0,2.0,0.1,1023.3,976.7,-0.001767,0.027483,0.338945
929,-2.0,2.0,0.1,1021.17,978.83,-0.001209,0.017332,0.341867
930,0.16,-0.16,0.15,1035.23,964.77,-0.001209,0.017332,0.341867
931,-2.0,2.0,0.15,1032.02,967.98,-0.001209,0.017332,0.341867
932,-2.0,2.0,0.15,1029.11,970.89,-0.001209,0.017332,0.341867
933,-2.0,2.0,0.15,1026.45,973.55,-0.001209,0.017332,0.341867
934,-2.0,2.0,0.15,1024.03,975.97,-0.001209,0.017332,0.341867
935,-2.0,2.0,0.15,1021.83,978.17,-0.001209,0.017332,0.341867
936,-2.0,2.0,0.15,1019.83,980.17,-0.001209,0.017332,0.341867
937,-2.0,2.0,0.15,1018.02,981.98,-0.001209,0.017332,0.341867
938,-2.0,2.0,0.1,1016.36,983.64,-0.001209,0.017332,0.341867
939,-2.0,2.0,0.1,1014.86,985.14,-0.001209,0.017332,0.341867
940,-2.0,2.0,0.05,1013.49,986.51,-0.003715,0.02295,0.29008
941,-2.0,2.0,0.05,1012.25,987.75,-0.003715,0.02295,0.29008
942,-2.0,2.0,0.05,1011.13,988.87,-0.003715,0.02295,0.29008
943,0.69,-0.69,0.1,1026.1,973.9,-0.003715,0.02295,0.29008
944,0.21,-0.21,0.15,1039.72,960.28,-0.003715,0.02295,0.29008
945,-2.0,2.0,0.15,1036.12,963.88,-0.003715,0.02295,0.29008
946,-2.0,2.0,0.15,1032.84,967.16,-0.003715,0.02295,0.29008
947,-2.0,2.0,0.15,1029.85,970.15,-0.003715,0.02295,0.29008
948,-2.0,2.0,0.15,1027.13,972.87,-0.003715,0.02295,0.29008
949,-0.85,0.85,0.2,1040.65,959.35,-0.003715,0.02295,0.29008
950,-2.0,2.0,0.15,1036.97,963.03,-0.003715,0.02295,0.29008
951,-0.89,0.89,0.2,1049.62,950.38,-0.003715,0.02295,0.29008
952,-2.0,2.0,0.2,1045.17,954.83,-0.001829,0.048181,0.411038
953,-2.0,2.0,0.2,1041.1,958.9,-0.001829,0.048181,0.411038
954,-2.0,2.0,0.2,1037.38,962.62,-0.001829,0.048181,0.411038
955,-2.0,2.0,0.2,1033.99,966.01,-0.001829,0.048181,0.411038
956,-0.22,0.22,0.25,1046.9,953.1,-0.001829,0.048181,0.411038
957,-2.0,2.0,0.25,1042.68,957.32,-0.001829,0.048181,0.411038
958,-2.0,2.0,0.25,1038.83,961.17,-0.001829,0.048181,0.411038
959,-2.0,2.0,0.25,1035.31,964.69,-0.001829,0.048181,0.411038
960,-2.0,2.0,0.25,1032.1,967.9,-0.001829,0.048181,0.411038
961,-2.0,2.0,0.25,1029.18,970.82,-0.001829,0.048181,0.411038
962,-2.0,2.0,0.25,1026.52,973.48,-0.001829,0.048181,0.411038
963,-2.0,2.0,0.2,1024.09,975.91,-0.001761,0.022809,0.326205
964,-2.0,2.0,0.15,1021.89,978.11,-0.001761,0.022809,0.326205
965,-0.93,0.93,0.2,1035.88,964.12,-0.001761,0.022809,0.326205
966,-0.43,0.43,0.25,1048.62,951.38,-0.001761,0.022809,0.326205
967,-0.59,0.59,0.3,1060.26,939.74,-0.001761,0.022809,0.326205
968,-2.0,2.0,0.3,1054.92,945.08,-0.001761,0.022809,0.326205
969,-2.0,2.0,0.25,1050.03,949.97,-0.001761,0.022809,0.326205
970,-2.0,2.0,0.25,1045.54,954.46,-0.001761,0.022809,0.326205
971,0.46,-0.46,0.25,1057.44,942.56,-0.001761,0.022809,0.326205
972,-2.0,2.0,0.25,1052.33,947.67,-0.001761,0.022809,0.326205
973,-2.0,2.0,0.25,1047.65,952.35,-0.001761,0.022809,0.326205
974,0.55,-0.55,0.3,1059.37,940.63,-0.001761,0.022809,0.326205
975,-2.0,2.0,0.3,1054.11,945.89,-0.004611,0.052674,0.380557
976,-2.0,2.0,0.25,1049.28,950.72,-0.004611,0.052674,0.380557
977,0.94,-0.94,0.3,1060.86,939.14,-0.004611,0.052674,0.380557
978,-2.0,2.0,0.3,1055.47,944.53,-0.004611,0.052674,0.380557
979,-2.0,2.0,0.3,1050.53,949.47,-0.004611,0.052674,0.380557
980,-2.0,2.0,0.3,1046.0,954.0,-0.004611,0.052674,0.380557
981,-2.0,2.0,0.3,1041.86,958.14,-0.004611,0.052674,0.380557
982,-2.0,2.0,0.3,1038.08,961.92,-0.004611,0.052674,0.380557
983,-2.0,2.0,0.3,1034.63,965.37,-0.004611,0.052674,0.380557
984,-2.0,2.0,0.3,1031.48,968.52,-0.004611,0.052674,0.380557
985,-2.0,2.0,0.25,1028.61,971.39,-0.004611,0.052674,0.380557
986,-2.0,2.0,0.2,1026.0,974.0,-0.002928,0.018207,0.204058
987,-0.7,0.7,0.2,1039.62,960.38,-0.002928,0.018207,0.204058
988,-0.36,0.36,0.25,1052.04,947.96,-0.002928,0.018207,0.204058
989,-2.0,2.0,0.25,1047.38,952.62,-0.002928,0.018207,0.204058
990,0.99,-0.99,0.3,1059.12,940.88,-0.002928,0.018207,0.204058
991,0.81,-0.81,0.3,1069.88,930.12,-0.002928,0.018207,0.204058
992,-2.0,2.0,0.3,1063.77,936.23,-0.002928,0.018207,0.204058
993,-2.0,2.0,0.3,1058.14,941.86,-0.002928,0.018207,0.204058
994,-2.0,2.0,0.25,1052.98,947.02,-0.002928,0.018207,0.204058
995,0.51,-0.51,0.3,1064.25,935.75,-0.002928,0.018207,0.204058
996,-2.0,2.0,0.3,1058.59,941.41,-0.002928,0.018207,0.204058
997,-2.0,2.0,0.25,1053.39,946.61,-0.002928,0.018207,0.204058
998,-0.05,0.05,0.3,1064.62,935.38,-0.002928,0.018207,0.204058
999,-0.81,0.81,0.35,1074.93,925.07,-0.002928,0.018207,0.204058
1000,-2.0,2.0,0.35,1068.42,931.58,-0.001771,0.062216,0.228224
1001,-2.0,2.0,0.35,1062.43,937.57,-0.001771,0.062216,0.228224
1002,0.28,-0.28,0.4,1072.91,927.09,-0.001771,0.062216,0.228224
1003,-2.0,2.0,0.4,1066.57,933.43,-0.001771,0.062216,0.228224
1004,-0.06,0.06,0.45,1076.72,923.28,-0.001771,0.062216,0.228224
1005,-2.0,2.0,0.45,1070.08,929.92,-0.001771,0.062216,0.228224
1006,-2.0,2.0,0.45,1063.95,936.05,-0.001771,0.062216,0.228224
1007,-0.47,0.47,0.45,1074.32,925.68,-0.001771,0.062216,0.228224
1008,-2.0,2.0,0.4,1067.86,932.14,-0.001771,0.062216,0.228224
1009,-2.0,2.0,0.4,1061.91,938.09,-0.001771,0.062216,0.228224
1010,-2.0,2.0,0.35,1056.44,943.56,-0.001771,0.062216,0.228224
1011,-2.0,2.0,0.3,1051.41,948.59,-0.001771,0.062216,0.228224
1012,-2.0,2.0,0.3,1046.81,953.19,-0.001137,0.036183,0.284725
1013,-2.0,2.0,0.3,1042.6,957.4,-0.001137,0.036183,0.284725
1014,-2.0,2.0,0.3,1038.76,961.24,-0.001137,0.036183,0.284725
1015,-2.0,2.0,0.25,1035.24,964.76,-0.001137,0.036183,0.284725
1016,-2.0,2.0,0.25,1032.04,967.96,-0.001137,0.036183,0.284725
1017,-2.0,2.0,0.25,1029.12,970.88,-0.001137,0.036183,0.284725
1018,-2.0,2.0,0.2,1026.47,973.53,-0.001137,0.036183,0.284725
1019,-2.0,2.0,0.15,1024.05,975.95,-0.001137,0.036183,0.284725
1020,-0.08,0.08,0.2,1037.85,962.15,-0.001137,0.036183,0.284725
1021,-2.0,2.0,0.2,1034.41,965.59,-0.001137,0.036183,0.284725
1022,-2.0,2.0,0.15,1031.29,968.71,-0.001263,0.020414,0.277284
1023,-2.0,2.0,0.15,1028.44,971.56,-0.001263,0.020414,0.277284
1024,0.45,-0.45,0.15,1041.84,958.16,-0.001263,0.020414,0.277284
1025,-2.0,2.0,0.15,1038.06,961.94,-0.001263,0.020414,0.277284
1026,-2.0,2.0,0.15,1034.61,965.39,-0.001263,0.020414,0.277284
1027,-2.0,2.0,0.1,1031.46,968.54,-0.001263,0.020414,0.277284
1028,-2.0,2.0,0.1,1028.6,971.4,-0.001263,0.020414,0.277284
1029,0.89,-0.89,0.15,1041.99,958.01,-0.001263,0.020414,0.277284
1030,-0.76,0.76,0.2,1054.19,945.81,-0.001263,0.020414,0.277284
1031,-2.0,2.0,0.2,1049.36,950.64,-0.001263,0.020414,0.277284
1032,0.15,-0.15,0.25,1060.93,939.07,-0.001263,0.020414,0.277284
1033,-2.0,2.0,0.25,1055.54,944.46,-0.001263,0.020414,0.277284
1034,-2.0,2.0,0.25,1050.59,949.41,-0.001263,0.020414,0.277284
1035,-2.0,2.0,0.25,1046.06,953.94,-0.00217,0.044864,0.279329
1036,0.24,-0.24,0.3,1057.91,942.09,-0.00217,0.044864,0.279329
1037,-2.0,2.0,0.3,1052.77,947.23,-0.00217,0.044864,0.279329
1038,-0.83,0.83,0.35,1064.05,935.95,-0.00217,0.044864,0.279329
1039,-2.0,2.0,0.35,1058.41,941.59,-0.00217,0.044864,0.279329
1040,-2.0,2.0,0.3,1053.22,946.78,-0.00217,0.044864,0.279329
1041,-2.0,2.0,0.3,1048.47,951.53,-0.00217,0.044864,0.279329
1042,-2.0,2.0,0.3,1044.11,955.89,-0.00217,0.044864,0.279329
1043,-2.0,2.0,0.3,1040.14,959.86,-0.00217,0.044864,0.279329
1044,0.71,-0.71,0.3,1052.5,947.5,-0.00217,0.044864,0.279329
1045,-2.0,2.0,0.3,1047.81,952.19,-0.00217,0.044864,0.279329
1046,-2.0,2.0,0.3,1043.51,956.49,-0.00217,0.044864,0.279329
1047,0.95,-0.95,0.35,1055.59,944.41,-0.00217,0.044864,0.279329
1048,-2.0,2.0,0.35,1050.64,949.36,-0.002853,0.043298,0.299366
1049,-2.0,2.0,0.3,1046.1,953.9,-0.002853,0.043298,0.299366
1050,-2.0,2.0,0.25,1041.95,958.05,-0.002853,0.043298,0.299366
1051,-2.0,2.0,0.25,1038.16,961.84,-0.002853,0.043298,0.299366
1052,-2.0,2.0,0.2,1034.7,965.3,-0.002853,0.043298,0.299366
1053,-0.33,0.33,0.25,1047.55,952.45,-0.002853,0.043298,0.299366
1054,-2.0,2.0,0.25,1043.27,956.73,-0.002853,0.043298,0.299366
1055,-2.0,2.0,0.25,1039.37,960.63,-0.002853,0.043298,0.299366
1056,-2.0,2.0,0.2,1035.8,964.2,-0.002853,0.043298,0.299366
1057,-2.0,2.0,0.2,1032.55,967.45,-0.002853,0.043298,0.299366
1058,-2.0,2.0,0.15,1029.59,970.41,-0.00207,0.019559,0.300293
1059,-2.0,2.0,0.15,1026.89,973.11,-0.00207,0.019559,0.300293
1060,-2.0,2.0,0.15,1024.43,975.57,-0.00207,0.019559,0.300293
1061,-2.0,2.0,0.15,1022.2,977.8,-0.00207,0.019559,0.300293
1062,-2.0,2.0,0.15,1020.16,979.84,-0.00207,0.019559,0.300293
1063,-2.0,2.0,0.15,1018.31,981.69,-0.00207,0.019559,0.300293
1064,-2.0,2.0,0.1,1016.63,983.37,-0.00207,0.019559,0.300293
1065,-2.0,2.0,0.1,1015.11,984.89,-0.00207,0.019559,0.300293
1066,-0.48,0.48,0.15,1029.72,970.28,-0.00207,0.019559,0.300293
1067,-2.0,2.0,0.1,1027.01,972.99,-0.00207,0.019559,0.300293
1068,-2.0,2.0,0.1,1024.54,975.46,-0.00207,0.019559,0.300293
1069,-2.0,2.0,0.1,1022.29,977.71,-0.003293,0.021619,0.23147
1070,-2.0,2.0,0.1,1020.25,979.75,-0.003293,0.021619,0.23147
1071,-2.0,2.0,0.1,1018.4,981.6,-0.003293,0.021619,0.23147
1072,-2.0,2.0,0.1,1016.71,983.29,-0.003293,0.021619,0.23147
1073,-0.39,0.39,0.1,1031.17,968.83,-0.003293,0.021619,0.23147
1074,-2.0,2.0,0.1,1028.33,971.67,-0.003293,0.021619,0.23147
1075,-0.96,0.96,0.15,1041.75,958.25,-0.003293,0.021619,0.23147
1076,0.34,-0.34,0.2,1053.97,946.03,-0.003293,0.021619,0.23147
1077,-2.0,2.0,0.2,1049.16,950.84,-0.003293,0.021619,0.23147
1078,-2.0,2.0,0.2,1044.75,955.25,-0.003293,0.021619,0.23147
1079,-2.0,2.0,0.2,1040.71,959.29,-0.003293,0.021619,0.23147
1080,-2.0,2.0,0.2,1037.03,962.97,-0.003043,0.036963,0.211113
1081,-2.0,2.0,0.2,1033.67,966.33,-0.003043,0.036963,0.211113
1082,-2.0,2.0,0.2,1030.61,969.39,-0.003043,0.036963,0.211113
1083,-2.0,2.0,0.2,1027.82,972.18,-0.003043,0.036963,0.211113
1084,0.29,-0.29,0.25,1041.28,958.72,-0.003043,0.036963,0.211113
1085,-2.0,2.0,0.25,1037.55,962.45,-0.003043,0.036963,0.211113
1086,-2.0,2.0,0.2,1034.14,965.86,-0.003043,0.036963,0.211113
1087,-2.0,2.0,0.2,1031.04,968.96,-0.003043,0.036963,0.211113
1088,-2.0,2.0,0.2,1028.21,971.79,-0.003043,0.036963,0.211113
1089,-2.0,2.0,0.2,1025.63,974.37,-0.003043,0.036963,0.211113
1090,-2.0,2.0,0.2,1023.29,976.71,-0.003043,0.036963,0.211113
1091,0.71,-0.71,0.25,1037.16,962.84,-0.003043,0.036963,0.211113
1092,-2.0,2.0,0.25,1033.78,966.22,0.000604,0.030689,0.260153
1093,-2.0,2.0,0.2,1030.71,969.29,0.000604,0.030689,0.260153
1094,-2.0,2.0,0.2,1027.91,972.09,0.000604,0.030689,0.260153
1095,-2.0,2.0,0.15,1025.36,974.64,0.000604,0.030689,0.260153
1096,-2.0,2.0,0.1,1023.04,976.96,0.000604,0.030689,0.260153
1097,-2.0,2.0,0.1,1020.93,979.07,0.000604,0.030689,0.260153
1098,-2.0,2.0,0.1,1019.01,980.99,0.000604,0.030689,0.260153
1099,-0.68,0.68,0.15,1033.27,966.73,0.000604,0.030689,0.260153
1100,-2.0,2.0,0.15,1030.24,969.76,0.000604,0.030689,0.260153
1101,-2.0,2.0,0.15,1027.49,972.51,0.000604,0.030689,0.260153
1102,-2.0,2.0,0.15,1024.97,975.03,-0.000516,0.020788,0.213309
1103,-0.45,0.45,0.2,1038.69,961.31,-0.000516,0.020788,0.213309
1104,0.31,-0.31,0.2,1051.18,948.82,-0.000516,0.020788,0.213309
1105,-2.0,2.0,0.2,1046.6,953.4,-0.000516,0.020788,0.213309
1106,-2.0,2.0,0.2,1042.41,957.59,-0.000516,0.020788,0.213309
1107,-2.0,2.0,0.2,1038.58,961.42,-0.000516,0.020788,0.213309
1108,-2.0,2.0,0.2,1035.08,964.92,-0.000516,0.020788,0.213309
1109,-2.0,2.0,0.2,1031.9,968.1,-0.000516,0.020788,0.213309
1110,-2.0,2.0,0.2,1028.99,971.01,-0.000516,0.020788,0.213309
1111,-0.72,0.72,0.2,1042.34,957.66,-0.000516,0.020788,0.213309
1112,-2.0,2.0,0.2,1038.52,961.48,-0.000516,0.020788,0.213309
1113,-2.0,2.0,0.2,1035.03,964.97,-0.000705,0.038419,0.206751
1114,-0.92,0.92,0.25,1047.85,952.15,-0.000705,0.038419,0.206751
1115,-2.0,2.0,0.25,1043.55,956.45,-0.000705,0.038419,0.206751
1116,-2.0,2.0,0.25,1039.62,960.38,-0.000705,0.038419,0.206751
1117,-2.0,2.0,0.25,1036.03,963.97,-0.000705,0.038419,0.206751
1118,0.55,-0.55,0.3,1048.76,951.24,-0.000705,0.038419,0.206751
1119,-2.0,2.0,0.25,1044.38,955.62,-0.000705,0.038419,0.206751
1120,-2.0,2.0,0.25,1040.38,959.62,-0.000705,0.038419,0.206751
1121,-2.0,2.0,0.25,1036.73,963.27,-0.000705,0.038419,0.206751
1122,-2.0,2.0,0.25,1033.39,966.61,-0.000705,0.038419,0.206751
1123,-2.0,2.0,0.2,1030.36,969.64,-0.000705,0.038419,0.206751
1124,-2.0,2.0,0.15,1027.59,972.41,-0.003111,0.029133,0.222145
1125,-2.0,2.0,0.15,1025.07,974.93,-0.003111,0.029133,0.222145
1126,-2.0,2.0,0.15,1022.78,977.22,-0.003111,0.029133,0.222145
1127,-2.0,2.0,0.15,1020.69,979.31,-0.003111,0.029133,0.222145
1128,0.02,-0.02,0.2,1034.79,965.21,-0.003111,0.029133,0.222145
1129,-2.0,2.0,0.2,1031.63,968.37,-0.003111,0.029133,0.222145
1130,-2.0,2.0,0.2,1028.75,971.25,-0.003111,0.029133,0.222145
1131,-2.0,2.0,0.15,1026.13,973.87,-0.003111,0.029133,0.222145
1132,-2.0,2.0,0.15,1023.74,976.26,-0.003111,0.029133,0.222145
1133,-2.0,2.0,0.15,1021.56,978.44,-0.003111,0.029133,0.222145
1134,-2.0,2.0,0.1,1019.59,980.41,-0.003111,0.029133,0.222145
1135,-2.0,2.0,0.1,1017.79,982.21,-0.001381,0.021435,0.201991
1136,-2.0,2.0,0.1,1016.16,983.84,-0.001381,0.021435,0.201991
1137,-2.0,2.0,0.1,1014.67,985.33,-0.001381,0.021435,0.201991
1138,0.83,-0.83,0.1,1029.33,970.67,-0.001381,0.021435,0.201991
1139,0.21,-0.21,0.15,1042.65,957.35,-0.001381,0.021435,0.201991
1140,-2.0,2.0,0.15,1038.8,961.2,-0.001381,0.021435,0.201991
1141,-2.0,2.0,0.15,1035.28,964.72,-0.001381,0.021435,0.201991
1142,-2.0,2.0,0.15,1032.08,967.92,-0.001381,0.021435,0.201991
1143,-2.0,2.0,0.15,1029.16,970.84,-0.001381,0.021435,0.201991
1144,-2.0,2.0,0.15,1026.5,973.5,-0.001381,0.021435,0.201991
1145,-2.0,2.0,0.15,1024.07,975.93,-0.001381,0.021435,0.201991
1146,-2.0,2.0,0.15,1021.87,978.13,-0.001381,0.021435,0.201991
1147,-2.0,2.0,0.15,1019.87,980.13,-0.001989,0.029875,0.187453
1148,-0.1,0.1,0.15,1034.05,965.95,-0.001989,0.029875,0.187453
1149,-2.0,2.0,0.15,1030.95,969.05,-0.001989,0.029875,0.187453
1150,-2.0,2.0,0.15,1028.13,971.87,-0.001989,0.029875,0.187453
1151,-2.0,2.0,0.15,1025.56,974.44,-0.001989,0.029875,0.187453
1152,-2.0,2.0,0.15,1023.22,976.78,-0.001989,0.029875,0.187453
1153,-2.0,2.0,0.15,1021.1,978.9,-0.001989,0.029875,0.187453
1154,-2.0,2.0,0.15,1019.16,980.84,-0.001989,0.029875,0.187453
1155,-2.0,2.0,0.15,1017.41,982.59,-0.001989,0.029875,0.187453
1156,-2.0,2.0,0.15,1015.81,984.19,-0.001989,0.029875,0.187453
1157,-2.0,2.0,0.15,1014.36,985.64,-0.001989,0.029875,0.187453
1158,-2.0,2.0,0.1,1013.04,986.96,-0.000859,0.023829,0.266401
1159,-2.0,2.0,0.05,1011.84,988.16,-0.000859,0.023829,0.266401
1160,-0.44,0.44,0.1,1026.75,973.25,-0.000859,0.023829,0.266401
1161,-0.55,0.55,0.15,1040.3,959.7,-0.000859,0.023829,0.266401
1162,-2.0,2.0,0.15,1036.66,963.34,-0.000859,0.023829,0.266401
1163,-2.0,2.0,0.15,1033.33,966.67,-0.000859,0.023829,0.266401
1164,-2.0,2.0,0.15,1030.3,969.7,-0.000859,0.023829,0.266401
1165,-2.0,2.0,0.15,1027.54,972.46,-0.000859,0.023829,0.266401
1166,-2.0,2.0,0.15,1025.02,974.98,-0.000859,0.023829,0.266401
1167,-2.0,2.0,0.15,1022.73,977.27,-0.000859,0.023829,0.266401
1168,-2.0,2.0,0.1,1020.65,979.35,-0.000902,0.031451,0.167888
1169,-2.0,2.0,0.1,1018.76,981.24,-0.000902,0.031451,0.167888
1170,-0.75,0.75,0.15,1033.04,966.96,-0.000902,0.031451,0.167888
1171,-2.0,2.0,0.15,1030.03,969.97,-0.000902,0.031451,0.167888
1172,-2.0,2.0,0.15,1027.29,972.71,-0.000902,0.031451,0.167888
1173,-2.0,2.0,0.15,1024.8,975.2,-0.000902,0.031451,0.167888
1174,-2.0,2.0,0.15,1022.53,977.47,-0.000902,0.031451,0.167888
1175,-2.0,2.0,0.15,1020.47,979.53,-0.000902,0.031451,0.167888
1176,0.09,-0.09,0.2,1034.59,965.41,-0.000902,0.031451,0.167888
1177,-2.0,2.0,0.2,1031.45,968.55,-0.000902,0.031451,0.167888
1178,-2.0,2.0,0.2,1028.58,971.42,-0.000902,0.031451,0.167888
1179,-2.0,2.0,0.2,1025.97,974.03,-1.9e-05,0.031767,0.16552
1180,-2.0,2.0,0.15,1023.6,976.4,-1.9e-05,0.031767,0.16552
1181,-2.0,2.0,0.1,1021.44,978.56,-1.9e-05,0.031767,0.16552
1182,-2.0,2.0,0.1,1019.47,980.53,-1.9e-05,0.031767,0.16552
1183,0.96,-0.96,0.15,1033.69,966.31,-1.9e-05,0.031767,0.16552
1184,-2.0,2.0,0.15,1030.62,969.38,-1.9e-05,0.031767,0.16552
1185,-0.04,0.04,0.2,1043.83,956.17,-1.9e-05,0.031767,0.16552
1186,-0.37,0.37,0.25,1055.88,944.12,-1.9e-05,0.031767,0.16552
1187,-2.0,2.0,0.25,1050.9,949.1,-1.9e-05,0.031767,0.16552
1188,-2.0,2.0,0.25,1046.34,953.66,-1.9e-05,0.031767,0.16552
1189,-2.0,2.0,0.25,1042.17,957.83,-1.9e-05,0.031767,0.16552
1190,-2.0,2.0,0.2,1038.36,961.64,-1.9e-05,0.031767,0.16552
1191,0.56,-0.56,0.25,1050.89,949.11,-1.9e-05,0.031767,0.16552
1192,-2.0,2.0,0.25,1046.33,953.67,-0.00321,0.044351,0.169722
1193,-2.0,2.0,0.25,1042.16,957.84,-0.00321,0.044351,0.169722
1194,-2.0,2.0,0.25,1038.35,961.65,-0.00321,0.044351,0.169722
1195,-2.0,2.0,0.25,1034.88,965.12,-0.00321,0.044351,0.169722
1196,-2.0,2.0,0.2,1031.71,968.29,-0.00321,0.044351,0.169722
1197,-2.0,2.0,0.2,1028.82,971.18,-0.00321,0.044351,0.169722
1198,-2.0,2.0,0.2,1026.19,973.81,-0.00321,0.044351,0.169722
1199,-0.53,0.53,0.25,1039.79,960.21,-0.00321,0.044351,0.169722
1200,-2.0,2.0,0.25,1036.19,963.81,-0.00321,0.044351,0.169722
1201,-2.0,2.0,0.25,1032.91,967.09,-0.00321,0.044351,0.169722
1202,-2.0,2.0,0.25,1029.91,970.09,-0.001487,0.020207,0.200874
1203,-2.0,2.0,0.2,1027.18,972.82,-0.001487,0.020207,0.200874
1204,-2.0,2.0,0.2,1024.7,975.3,-0.001487,0.020207,0.200874
1205,-2.0,2.0,0.15,1022.44,977.56,-0.001487,0.020207,0.200874
1206,-2.0,2.0,0.1,1020.38,979.62,-0.001487,0.020207,0.200874
1207,-2.0,2.0,0.1,1018.52,981.48,-0.001487,0.020207,0.200874
1208,-2.0,2.0,0.1,1016.82,983.18,-0.001487,0.020207,0.200874
1209,0.81,-0.81,0.15,1031.27,968.73,-0.001487,0.020207,0.200874
1210,-2.0,2.0,0.15,1028.42,971.58,-0.001487,0.020207,0.200874
1211,0.36,-0.36,0.15,1041.83,958.17,-0.001487,0.020207,0.200874
1212,0.97,-0.97,0.2,1054.05,945.95,-0.001487,0.020207,0.200874
1213,-2.0,2.0,0.2,1049.22,950.78,-0.001487,0.020207,0.200874
1214,-2.0,2.0,0.2,1044.81,955.19,-0.001487,0.020207,0.200874
1215,-2.0,2.0,0.2,1040.77,959.23,-0.003986,0.03463,0.18132
1216,-0.03,0.03,0.25,1053.08,946.92,-0.003986,0.03463,0.18132
1217,-2.0,2.0,0.25,1048.34,951.66,-0.003986,0.03463,0.18132
1218,-2.0,2.0,0.25,1044.0,956.0,-0.003986,0.03463,0.18132
1219,-2.0,2.0,0.2,1040.03,959.97,-0.003986,0.03463,0.18132
1220,-2.0,2.0,0.2,1036.41,963.59,-0.003986,0.03463,0.18132
1221,-2.0,2.0,0.2,1033.1,966.9,-0.003986,0.03463,0.18132
1222,-2.0,2.0,0.2,1030.09,969.91,-0.003986,0.03463,0.18132
1223,-0.02,0.02,0.25,1043.35,956.65,-0.003986,0.03463,0.18132
1224,-2.0,2.0,0.25,1039.44,960.56,-0.003986,0.03463,0.18132
1225,-2.0,2.0,0.25,1035.86,964.14,-0.003986,0.03463,0.18132
1226,-2.0,2.0,0.25,1032.61,967.39,-0.002116,0.028213,0.150347
1227,-2.0,2.0,0.25,1029.64,970.36,-0.002116,0.028213,0.150347
1228,-2.0,2.0,0.25,1026.94,973.06,-0.002116,0.028213,0.150347
1229,-2.0,2.0,0.2,1024.47,975.53,-0.002116,0.028213,0.150347
1230,-2.0,2.0,0.2,1022.23,977.77,-0.002116,0.028213,0.150347
1231,-2.0,2.0,0.15,1020.2,979.8,-0.002116,0.028213,0.150347
1232,-2.0,2.0,0.1,1018.35,981.65,-0.002116,0.028213,0.150347
1233,-2.0,2.0,0.1,1016.66,983.34,-0.002116,0.028213,0.150347
1234,-2.0,2.0,0.1,1015.13,984.87,-0.002116,0.028213,0.150347
1235,-2.0,2.0,0.1,1013.74,986.26,-0.002116,0.028213,0.150347
1236,-2.0,2.0,0.05,1012.48,987.52,-0.002116,0.028213,0.150347
1237,-2.0,2.0,0.05,1011.33,988.67,-0.002496,0.013279,0.141419
1238,-2.0,2.0,0.05,1010.29,989.71,-0.002496,0.013279,0.141419
1239,-2.0,2.0,0.05,1009.34,990.66,-0.002496,0.013279,0.141419
1240,-2.0,2.0,0.05,1008.48,991.52,-0.002496,0.013279,0.141419
1241,-2.0,2.0,0.05,1007.7,992.3,-0.002496,0.013279,0.141419
1242,-2.0,2.0,0.05,1006.99,993.01,-0.002496,0.013279,0.141419
1243,-2.0,2.0,0.0,1006.35,993.65,-0.002496,0.013279,0.141419
1244,-2.0,2.0,0.0,1005.77,994.23,-0.002496,0.013279,0.141419
1245,-2.0,2.0,0.0,1005.23,994.77,-0.002496,0.013279,0.141419
1246,0.67,-0.67,0.05,1020.75,979.25,-0.002496,0.013279,0.141419
1247,-2.0,2.0,0.05,1018.85,981.15,-0.002496,0.013279,0.141419
1248,-2.0,2.0,0.05,1017.12,982.88,-0.002396,0.022691,0.191206
1249,-2.0,2.0,0.05,1015.55,984.45,-0.002396,0.022691,0.191206
1250,-2.0,2.0,0.05,1014.12,985.88,-0.002396,0.022691,0.191206
1251,-2.0,2.0,0.05,1012.82,987.18,-0.002396,0.022691,0.191206
1252,-2.0,2.0,0.05,1011.64,988.36,-0.002396,0.022691,0.191206
1253,-2.0,2.0,0.05,1010.57,989.43,-0.002396,0.022691,0.191206
1254,-2.0,2.0,0.05,1009.6,990.4,-0.002396,0.022691,0.191206
1255,-2.0,2.0,0.05,1008.72,991.28,-0.002396,0.022691,0.191206
1256,-2.0,2.0,0.05,1007.92,992.08,-0.002396,0.022691,0.191206
1257,-2.0,2.0,0.05,1007.19,992.81,-0.002396,0.022691,0.191206
1258,-0.31,0.31,0.1,1022.52,977.48,-0.00193,0.012789,0.080168
1259,-2.0,2.0,0.1,1020.46,979.54,-0.00193,0.012789,0.080168
1260,-2.0,2.0,0.1,1018.59,981.41,-0.00193,0.012789,0.080168
1261,-2.0,2.0,0.1,1016.88,983.12,-0.00193,0.012789,0.080168
1262,-0.14,0.14,0.15,1031.33,968.67,-0.00193,0.012789,0.080168
1263,-2.0,2.0,0.15,1028.48,971.52,-0.00193,0.012789,0.080168
1264,-2.0,2.0,0.15,1025.88,974.12,-0.00193,0.012789,0.080168
1265,-2.0,2.0,0.15,1023.51,976.49,-0.00193,0.012789,0.080168
1266,-2.0,2.0,0.1,1021.36,978.64,-0.00193,0.012789,0.080168
1267,-2.0,2.0,0.1,1019.4,980.6,-0.00193,0.012789,0.080168
1268,-2.0,2.0,0.1,1017.62,982.38,-0.00193,0.012789,0.080168
1269,-2.0,2.0,0.1,1016.0,984.0,-0.001897,0.030804,0.20314
1270,-2.0,2.0,0.1,1014.53,985.47,-0.001897,0.030804,0.20314
1271,-2.0,2.0,0.1,1013.2,986.8,-0.001897,0.030804,0.20314
1272,-2.0,2.0,0.1,1011.99,988.01,-0.001897,0.030804,0.20314
1273,-2.0,2.0,0.1,1010.88,989.12,-0.001897,0.030804,0.20314
1274,-2.0,2.0,0.1,1009.88,990.12,-0.001897,0.030804,0.20314
1275,-2.0,2.0,0.1,1008.97,991.03,-0.001897,0.030804,0.20314
1276,-2.0,2.0,0.1,1008.15,991.85,-0.001897,0.030804,0.20314
1277,-2.0,2.0,0.1,1007.4,992.6,-0.001897,0.030804,0.20314
1278,-2.0,2.0,0.05,1006.72,993.28,-0.001897,0.030804,0.20314
1279,-2.0,2.0,0.05,1006.1,993.9,-0.000353,0.013486,0.143496
1280,-2.0,2.0,0.05,1005.54,994.46,-0.000353,0.013486,0.143496
1281,-2.0,2.0,0.05,1005.03,994.97,-0.000353,0.013486,0.143496
1282,-2.0,2.0,0.0,1004.56,995.44,-0.000353,0.013486,0.143496
1283,-2.0,2.0,0.0,1004.14,995.86,-0.000353,0.013486,0.143496
1284,-2.0,2.0,0.0,1003.76,996.24,-0.000353,0.013486,0.143496
1285,0.63,-0.63,0.05,1019.42,980.58,-0.000353,0.013486,0.143496
1286,-2.0,2.0,0.05,1017.63,982.37,-0.000353,0.013486,0.143496
1287,0.54,-0.54,0.1,1032.02,967.98,-0.000353,0.013486,0.143496
1288,-2.0,2.0,0.1,1029.1,970.9,-0.000353,0.013486,0.143496
1289,-2.0,2.0,0.1,1026.44,973.56,-0.000353,0.013486,0.143496
1290,-0.68,0.68,0.15,1040.03,959.97,-0.000353,0.013486,0.143496
1291,-0.78,0.78,0.2,1052.41,947.59,-0.000129,0.037532,0.180932
1292,-2.0,2.0,0.2,1047.72,952.28,-0.000129,0.037532,0.180932
1293,-0.87,0.87,0.25,1059.43,940.57,-0.000129,0.037532,0.180932
1294,-2.0,2.0,0.25,1054.16,945.84,-0.000129,0.037532,0.180932
1295,-2.0,2.0,0.25,1049.33,950.67,-0.000129,0.037532,0.180932
1296,-0.58,0.58,0.3,1060.9,939.1,-0.000129,0.037532,0.180932
1297,-2.0,2.0,0.3,1055.51,944.49,-0.000129,0.037532,0.180932
1298,-2.0,2.0,0.3,1050.57,949.43,-0.000129,0.037532,0.180932
1299,-2.0,2.0,0.3,1046.04,953.96,-0.000129,0.037532,0.180932
1300,-2.0,2.0,0.3,1041.89,958.11,-0.000129,0.037532,0.180932
1301,-2.0,2.0,0.3,1038.11,961.89,-0.000129,0.037532,0.180932
1302,-2.0,2.0,0.3,1034.65,965.35,-0.000375,0.033527,0.111113
1303,-2.0,2.0,0.3,1031.5,968.5,-0.000375,0.033527,0.111113
1304,-2.0,2.0,0.3,1028.63,971.37,-0.000375,0.033527,0.111113
1305,-2.0,2.0,0.25,1026.02,973.98,-0.000375,0.033527,0.111113
1306,-2.0,2.0,0.25,1023.64,976.36,-0.000375,0.033527,0.111113
1307,-2.0,2.0,0.2,1021.48,978.52,-0.000375,0.033527,0.111113
1308,-2.0,2.0,0.2,1019.51,980.49,-0.000375,0.033527,0.111113
1309,-2.0,2.0,0.2,1017.72,982.28,-0.000375,0.033527,0.111113
1310,-2.0,2.0,0.15,1016.09,983.91,-0.000375,0.033527,0.111113
1311,-2.0,2.0,0.1,1014.62,985.38,-0.000375,0.033527,0.111113
1312,0.4,-0.4,0.15,1029.27,970.73,-0.000375,0.033527,0.111113
1313,-2.0,2.0,0.1,1026.6,973.4,-0.00052,0.020299,0.191802
1314,-2.0,2.0,0.1,1024.17,975.83,-0.00052,0.020299,0.191802
1315,-2.0,2.0,0.1,1021.96,978.04,-0.00052,0.020299,0.191802
1316,0.64,-0.64,0.1,1035.95,964.05,-0.00052,0.020299,0.191802
1317,-2.0,2.0,0.1,1032.68,967.32,-0.00052,0.020299,0.191802
1318,-2.0,2.0,0.1,1029.71,970.29,-0.00052,0.020299,0.191802
1319,-2.0,2.0,0.1,1027.0,973.0,-0.00052,0.020299,0.191802
1320,-2.0,2.0,0.1,1024.53,975.47,-0.00052,0.020299,0.191802
1321,-2.0,2.0,0.1,1022.29,977.71,-0.00052,0.020299,0.191802
1322,-2.0,2.0,0.1,1020.24,979.76,-0.00052,0.020299,0.191802
1323,-2.0,2.0,0.1,1018.39,981.61,-0.00052,0.020299,0.191802
1324,0.49,-0.49,0.15,1032.7,967.3,-0.00052,0.020299,0.191802
1325,-2.0,2.0,0.15,1029.72,970.28,-0.000545,0.0278,0.098719
1326,-2.0,2.0,0.15,1027.01,972.99,-0.000545,0.0278,0.098719
1327,-2.0,2.0,0.15,1024.54,975.46,-0.000545,0.0278,0.098719
1328,-2.0,2.0,0.15,1022.3,977.7,-0.000545,0.0278,0.098719
1329,-0.49,0.49,0.2,1036.26,963.74,-0.000545,0.0278,0.098719
1330,-2.0,2.0,0.2,1032.96,967.04,-0.000545,0.0278,0.098719
1331,-0.18,0.18,0.25,1045.96,954.04,-0.000545,0.0278,0.098719
1332,-2.0,2.0,0.2,1041.83,958.17,-0.000545,0.0278,0.098719
1333,-2.0,2.0,0.2,1038.05,961.95,-0.000545,0.0278,0.098719
1334,-2.0,2.0,0.2,1034.6,965.4,-0.000545,0.0278,0.098719
1335,-2.0,2.0,0.2,1031.45,968.55,-0.000655,0.03,0.078327
1336,-2.0,2.0,0.15,1028.59,971.41,-0.000655,0.03,0.078327
1337,-2.0,2.0,0.15,1025.98,974.02,-0.000655,0.03,0.078327
1338,-2.0,2.0,0.15,1023.6,976.4,-0.000655,0.03,0.078327
1339,-2.0,2.0,0.15,1021.44,978.56,-0.000655,0.03,0.078327
1340,-2.0,2.0,0.15,1019.48,980.52,-0.000655,0.03,0.078327
1341,-2.0,2.0,0.15,1017.69,982.31,-0.000655,0.03,0.078327
1342,-2.0,2.0,0.15,1016.07,983.93,-0.000655,0.03,0.078327
1343,-2.0,2.0,0.15,1014.59,985.41,-0.000655,0.03,0.078327
1344,-2.0,2.0,0.1,1013.25,986.75,-0.000655,0.03,0.078327
1345,-2.0,2.0,0.1,1012.03,987.97,-0.000655,0.03,0.078327
1346,-2.0,2.0,0.1,1010.93,989.07,-0.000568,0.013594,0.109711
1347,-2.0,2.0,0.1,1009.92,990.08,-0.000568,0.013594,0.109711
1348,-2.0,2.0,0.1,1009.01,990.99,-0.000568,0.013594,0.109711
1349,-2.0,2.0,0.05,1008.18,991.82,-0.000568,0.013594,0.109711
1350,-2.0,2.0,0.05,1007.43,992.57,-0.000568,0.013594,0.109711
1351,-2.0,2.0,0.0,1006.74,993.26,-0.000568,0.013594,0.109711
1352,-2.0,2.0,0.0,1006.12,993.88,-0.000568,0.013594,0.109711
1353,-2.0,2.0,0.0,1005.56,994.44,-0.000568,0.013594,0.109711
1354,-2.0,2.0,0.0,1005.05,994.95,-0.000568,0.013594,0.109711
1355,-2.0,2.0,0.0,1004.58,995.42,-0.000568,0.013594,0.109711
1356,-2.0,2.0,0.0,1004.16,995.84,-0.000848,0.013488,0.229719
1357,-2.0,2.0,0.0,1003.78,996.22,-0.000848,0.013488,0.229719
1358,-2.0,2.0,0.0,1003.43,996.57,-0.000848,0.013488,0.229719
1359,-2.0,2.0,0.0,1003.11,996.89,-0.000848,0.013488,0.229719
1360,-2.0,2.0,0.0,1002.83,997.17,-0.000848,0.013488,0.229719
1361,-2.0,2.0,0.0,1002.57,997.43,-0.000848,0.013488,0.229719
1362,-2.0,2.0,0.0,1002.33,997.67,-0.000848,0.013488,0.229719
1363,-2.0,2.0,0.0,1002.12,997.88,-0.000848,0.013488,0.229719
1364,-2.0,2.0,0.0,1001.92,998.08,-0.000848,0.013488,0.229719
1365,-2.0,2.0,0.0,1001.74,998.26,-0.000848,0.013488,0.229719
1366,-2.0,2.0,0.0,1001.58,998.42,-0.000527,0.014762,0.122067
1367,-0.5,0.5,0.05,1017.44,982.56,-0.000527,0.014762,0.122067
1368,-2.0,2.0,0.05,1015.84,984.16,-0.000527,0.014762,0.122067
1369,-2.0,2.0,0.05,1014.38,985.62,-0.000527,0.014762,0.122067
1370,-2.0,2.0,0.05,1013.06,986.94,-0.000527,0.014762,0.122067
1371,-2.0,2.0,0.05,1011.86,988.14,-0.000527,0.014762,0.122067
1372,-2.0,2.0,0.05,1010.77,989.23,-0.000527,0.014762,0.122067
1373,-2.0,2.0,0.05,1009.78,990.22,-0.000527,0.014762,0.122067
1374,-2.0,2.0,0.05,1008.88,991.12,-0.000527,0.014762,0.122067
1375,-2.0,2.0,0.05,1008.06,991.94,-0.000527,0.014762,0.122067
1376,-2.0,2.0,0.05,1007.32,992.68,-0.000527,0.014762,0.122067
1377,-2.0,2.0,0.05,1006.65,993.35,-0.000474,0.022705,0.244817
1378,-0.97,0.97,0.1,1022.03,977.97,-0.000474,0.022705,0.244817
1379,-2.0,2.0,0.1,1020.02,979.98,-0.000474,0.022705,0.244817
1380,-2.0,2.0,0.1,1018.18,981.82,-0.000474,0.022705,0.244817
1381,-2.0,2.0,0.1,1016.51,983.49,-0.000474,0.022705,0.244817
1382,-2.0,2.0,0.1,1015.0,985.0,-0.000474,0.022705,0.244817
1383,-2.0,2.0,0.1,1013.62,986.38,-0.000474,0.022705,0.244817
1384,-2.0,2.0,0.1,1012.37,987.63,-0.000474,0.022705,0.244817
1385,-2.0,2.0,0.1,1011.23,988.77,-0.000474,0.022705,0.244817
1386,-2.0,2.0,0.1,1010.2,989.8,-0.000474,0.022705,0.244817
1387,-2.0,2.0,0.05,1009.26,990.74,-0.001341,0.023046,0.181089
1388,-2.0,2.0,0.05,1008.41,991.59,-0.001341,0.023046,0.181089
1389,-2.0,2.0,0.05,1007.63,992.37,-0.001341,0.023046,0.181089
1390,-2.0,2.0,0.05,1006.93,993.07,-0.001341,0.023046,0.181089
1391,-2.0,2.0,0.05,1006.29,993.71,-0.001341,0.023046,0.181089
1392,-2.0,2.0,0.05,1005.71,994.29,-0.001341,0.023046,0.181089
1393,-2.0,2.0,0.05,1005.19,994.81,-0.001341,0.023046,0.181089
1394,-2.0,2.0,0.05,1004.71,995.29,-0.001341,0.023046,0.181089
1395,-2.0,2.0,0.05,1004.28,995.72,-0.001341,0.023046,0.181089
1396,-2.0,2.0,0.05,1003.88,996.12,-0.001341,0.023046,0.181089
1397,-2.0,2.0,0.05,1003.52,996.48,0.000239,0.013363,0.219565
1398,-2.0,2.0,0.0,1003.2,996.8,0.000239,0.013363,0.219565
1399,-2.0,2.0,0.0,1002.91,997.09,0.000239,0.013363,0.219565
1400,-2.0,2.0,0.0,1002.64,997.36,0.000239,0.013363,0.219565
1401,-2.0,2.0,0.0,1002.39,997.61,0.000239,0.013363,0.219565
1402,-2.0,2.0,0.0,1002.17,997.83,0.000239,0.013363,0.219565
1403,-2.0,2.0,0.0,1001.97,998.03,0.000239,0.013363,0.219565
1404,-2.0,2.0,0.0,1001.79,998.21,0.000239,0.013363,0.219565
1405,-2.0,2.0,0.0,1001.63,998.37,0.000239,0.013363,0.219565
1406,-2.0,2.0,0.0,1001.48,998.52,0.000239,0.013363,0.219565
1407,-2.0,2.0,0.0,1001.34,998.66,-0.002731,0.0146,0.245398
1408,-2.0,2.0,0.0,1001.22,998.78,-0.002731,0.0146,0.245398
1409,-2.0,2.0,0.0,1001.11,998.89,-0.002731,0.0146,0.245398
1410,-2.0,2.0,0.0,1001.0,999.0,-0.002731,0.0146,0.245398
1411,-2.0,2.0,0.0,1000.91,999.09,-0.002731,0.0146,0.245398
1412,-2.0,2.0,0.0,1000.83,999.17,-0.002731,0.0146,0.245398
1413,-2.0,2.0,0.0,1000.75,999.25,-0.002731,0.0146,0.245398
1414,-2.0,2.0,0.0,1000.68,999.32,-0.002731,0.0146,0.245398
1415,-2.0,2.0,0.0,1000.62,999.38,-0.002731,0.0146,0.245398
1416,-2.0,2.0,0.0,1000.56,999.44,-0.002731,0.0146,0.245398
1417,-0.84,0.84,0.05,1016.51,983.49,-0.002731,0.0146,0.245398
1418,-2.0,2.0,0.05,1014.99,985.01,-0.000772,0.022464,0.211371
1419,-2.0,2.0,0.05,1013.62,986.38,-0.000772,0.022464,0.211371
1420,-2.0,2.0,0.05,1012.37,987.63,-0.000772,0.022464,0.211371
1421,-2.0,2.0,0.05,1011.23,988.77,-0.000772,0.022464,0.211371
1422,-2.0,2.0,0.05,1010.2,989.8,-0.000772,0.022464,0.211371
1423,-2.0,2.0,0.05,1009.26,990.74,-0.000772,0.022464,0.211371
1424,0.46,-0.46,0.1,1024.41,975.59,-0.000772,0.022464,0.211371
1425,-2.0,2.0,0.1,1022.17,977.83,-0.000772,0.022464,0.211371
1426,-2.0,2.0,0.1,1020.14,979.86,-0.000772,0.022464,0.211371
1427,-2.0,2.0,0.1,1018.29,981.71,-0.000772,0.022464,0.211371
1428,-0.89,0.89,0.15,1032.62,967.38,-0.000772,0.022464,0.211371
1429,-2.0,2.0,0.15,1029.65,970.35,-0.001493,0.030407,0.148751
1430,-2.0,2.0,0.15,1026.94,973.06,-0.001493,0.030407,0.148751
1431,-2.0,2.0,0.15,1024.48,975.52,-0.001493,0.030407,0.148751
1432,0.1,-0.1,0.2,1038.24,961.76,-0.001493,0.030407,0.148751
1433,-2.0,2.0,0.2,1034.77,965.23,-0.001493,0.030407,0.148751
1434,0.02,-0.02,0.25,1047.61,952.39,-0.001493,0.030407,0.148751
1435,-2.0,2.0,0.25,1043.33,956.67,-0.001493,0.030407,0.148751
1436,-2.0,2.0,0.25,1039.42,960.58,-0.001493,0.030407,0.148751
1437,-2.0,2.0,0.2,1035.85,964.15,-0.001493,0.030407,0.148751
1438,-2.0,2.0,0.2,1032.6,967.4,-0.001493,0.030407,0.148751
1439,-0.39,0.39,0.25,1045.63,954.37,-0.001493,0.030407,0.148751
1440,-2.0,2.0,0.25,1041.52,958.48,-0.000226,0.042372,0.118693
1441,-2.0,2.0,0.25,1037.77,962.23,-0.000226,0.042372,0.118693
1442,-2.0,2.0,0.25,1034.34,965.66,-0.000226,0.042372,0.118693
1443,-2.0,2.0,0.25,1031.22,968.78,-0.000226,0.042372,0.118693
1444,-2.0,2.0,0.2,1028.38,971.62,-0.000226,0.042372,0.118693
1445,-2.0,2.0,0.2,1025.79,974.21,-0.000226,0.042372,0.118693
1446,-2.0,2.0,0.2,1023.43,976.57,-0.000226,0.042372,0.118693
1447,-2.0,2.0,0.2,1021.28,978.72,-0.000226,0.042372,0.118693
1448,-2.0,2.0,0.15,1019.33,980.67,-0.000226,0.042372,0.118693
1449,-2.0,2.0,0.15,1017.56,982.44,-0.000226,0.042372,0.118693
1450,-2.0,2.0,0.15,1015.95,984.05,-0.000226,0.042372,0.118693
1451,-2.0,2.0,0.15,1014.48,985.52,-0.000701,0.014379,0.216535
1452,-0.81,0.81,0.15,1029.15,970.85,-0.000701,0.014379,0.216535
1453,0.66,-0.66,0.2,1042.49,957.51,-0.000701,0.014379,0.216535
1454,-2.0,2.0,0.15,1038.65,961.35,-0.000701,0.014379,0.216535
1455,-2.0,2.0,0.15,1035.15,964.85,-0.000701,0.014379,0.216535
1456,-2.0,2.0,0.15,1031.96,968.04,-0.000701,0.014379,0.216535
1457,-2.0,2.0,0.15,1029.05,970.95,-0.000701,0.014379,0.216535
1458,-0.08,0.08,0.2,1042.4,957.6,-0.000701,0.014379,0.216535
1459,-2.0,2.0,0.15,1038.57,961.43,-0.000701,0.014379,0.216535
1460,-2.0,2.0,0.15,1035.07,964.93,-0.000701,0.014379,0.216535
1461,-2.0,2.0,0.15,1031.89,968.11,-0.000701,0.014379,0.216535
1462,-2.0,2.0,0.15,1028.98,971.02,-0.001767,0.037915,0.225149
1463,-2.0,2.0,0.15,1026.34,973.66,-0.001767,0.037915,0.225149
1464,-2.0,2.0,0.15,1023.93,976.07,-0.001767,0.037915,0.225149
1465,-2.0,2.0,0.15,1021.74,978.26,-0.001767,0.037915,0.225149
1466,-2.0,2.0,0.15,1019.75,980.25,-0.001767,0.037915,0.225149
1467,-0.42,0.42,0.2,1033.94,966.06,-0.001767,0.037915,0.225149
1468,-2.0,2.0,0.2,1030.85,969.15,-0.001767,0.037915,0.225149
1469,-2.0,2.0,0.2,1028.04,971.96,-0.001767,0.037915,0.225149
1470,0.4,-0.4,0.25,1041.48,958.52,-0.001767,0.037915,0.225149
1471,-2.0,2.0,0.25,1037.73,962.27,-0.001767,0.037915,0.225149
1472,-2.0,2.0,0.2,1034.31,965.69,-0.001767,0.037915,0.225149
1473,-2.0,2.0,0.15,1031.19,968.81,-0.002054,0.032498,0.206472
1474,-0.76,0.76,0.2,1044.35,955.65,-0.002054,0.032498,0.206472
1475,0.87,-0.87,0.25,1056.35,943.65,-0.002054,0.032498,0.206472
1476,-2.0,2.0,0.25,1051.33,948.67,-0.002054,0.032498,0.206472
1477,-2.0,2.0,0.25,1046.74,953.26,-0.002054,0.032498,0.206472
1478,-2.0,2.0,0.2,1042.53,957.47,-0.002054,0.032498,0.206472
1479,-0.78,0.78,0.25,1054.69,945.31,-0.002054,0.032498,0.206472
1480,-2.0,2.0,0.25,1049.82,950.18,-0.002054,0.032498,0.206472
1481,-2.0,2.0,0.25,1045.35,954.65,-0.002054,0.032498,0.206472
1482,0.34,-0.34,0.3,1057.26,942.74,-0.002054,0.032498,0.206472
1483,-2.0,2.0,0.3,1052.17,947.83,-0.002054,0.032498,0.206472
1484,-2.0,2.0,0.3,1047.51,952.49,-0.002054,0.032498,0.206472
1485,-2.0,2.0,0.3,1043.24,956.76,-0.00222,0.044436,0.122481
1486,-2.0,2.0,0.3,1039.34,960.66,-0.00222,0.044436,0.122481
1487,-2.0,2.0,0.25,1035.77,964.23,-0.00222,0.044436,0.122481
1488,-0.18,0.18,0.3,1048.52,951.48,-0.00222,0.044436,0.122481
1489,-2.0,2.0,0.3,1044.17,955.83,-0.00222,0.044436,0.122481
1490,-2.0,2.0,0.25,1040.19,959.81,-0.00222,0.044436,0.122481
1491,-2.0,2.0,0.25,1036.55,963.45,-0.00222,0.044436,0.122481
1492,-2.0,2.0,0.25,1033.23,966.77,-0.00222,0.044436,0.122481
1493,-2.0,2.0,0.25,1030.21,969.79,-0.00222,0.044436,0.122481
1494,-2.0,2.0,0.2,1027.45,972.55,-0.00222,0.044436,0.122481
1495,-2.0,2.0,0.15,1024.95,975.05,-0.00222,0.044436,0.122481
1496,-2.0,2.0,0.15,1022.66,977.34,-0.002478,0.021451,0.162052
1497,-2.0,2.0,0.15,1020.59,979.41,-0.002478,0.021451,0.162052
1498,-2.0,2.0,0.15,1018.7,981.3,-0.002478,0.021451,0.162052
1499,-2.0,2.0,0.1,1016.98,983.02,-0.002478,0.021451,0.162052
1500,-2.0,2.0,0.1,1015.43,984.57,-0.002478,0.021451,0.162052
1501,-2.0,2.0,0.1,1014.01,985.99,-0.002478,0.021451,0.162052
1502,-2.0,2.0,0.05,1012.72,987.28,-0.002478,0.021451,0.162052
1503,-2.0,2.0,0.05,1011.55,988.45,-0.002478,0.021451,0.162052
1504,-0.56,0.56,0.1,1026.49,973.51,-0.002478,0.021451,0.162052
1505,-2.0,2.0,0.1,1024.07,975.93,-0.002478,0.021451,0.162052
1506,-0.31,0.31,0.15,1037.87,962.13,-0.002478,0.021451,0.162052
1507,0.91,-0.91,0.2,1050.43,949.57,-0.002478,0.021451,0.162052
1508,-2.0,2.0,0.15,1045.91,954.09,5.3e-05,0.035225,0.193363
1509,-2.0,2.0,0.15,1041.78,958.22,5.3e-05,0.035225,0.193363
1510,-2.0,2.0,0.15,1038.0,962.0,5.3e-05,0.035225,0.193363
1511,-2.0,2.0,0.15,1034.56,965.44,5.3e-05,0.035225,0.193363
1512,-2.0,2.0,0.15,1031.42,968.58,5.3e-05,0.035225,0.193363
1513,0.82,-0.82,0.2,1044.55,955.45,5.3e-05,0.035225,0.193363
1514,-0.52,0.52,0.25,1056.54,943.46,5.3e-05,0.035225,0.193363
1515,-2.0,2.0,0.25,1051.51,948.49,5.3e-05,0.035225,0.193363
1516,-2.0,2.0,0.25,1046.9,953.1,5.3e-05,0.035225,0.193363
1517,-2.0,2.0,0.25,1042.68,957.32,5.3e-05,0.035225,0.193363
1518,-2.0,2.0,0.25,1038.83,961.17,5.3e-05,0.035225,0.193363
1519,0.31,-0.31,0.3,1051.31,948.69,5.3e-05,0.035225,0.193363
1520,-2.0,2.0,0.3,1046.72,953.28,-0.002058,0.036703,0.132665
1521,-2.0,2.0,0.3,1042.51,957.49,-0.002058,0.036703,0.132665
1522,-2.0,2.0,0.3,1038.67,961.33,-0.002058,0.036703,0.132665
1523,-2.0,2.0,0.3,1035.17,964.83,-0.002058,0.036703,0.132665
1524,-2.0,2.0,0.25,1031.97,968.03,-0.002058,0.036703,0.132665
1525,-2.0,2.0,0.25,1029.06,970.94,-0.002058,0.036703,0.132665
1526,-2.0,2.0,0.2,1026.41,973.59,-0.002058,0.036703,0.132665
1527,-2.0,2.0,0.15,1024.0,976.0,-0.002058,0.036703,0.132665
1528,-2.0,2.0,0.15,1021.8,978.2,-0.002058,0.036703,0.132665
1529,-0.18,0.18,0.2,1035.8,964.2,-0.002058,0.036703,0.132665
1530,-2.0,2.0,0.2,1032.55,967.45,-0.002058,0.036703,0.132665
1531,-2.0,2.0,0.2,1029.59,970.41,-0.004011,0.021216,0.196864
1532,-2.0,2.0,0.2,1026.89,973.11,-0.004011,0.021216,0.196864
1533,-2.0,2.0,0.15,1024.43,975.57,-0.004011,0.021216,0.196864
1534,0.01,-0.01,0.15,1038.2,961.8,-0.004011,0.021216,0.196864
1535,-2.0,2.0,0.15,1034.73,965.27,-0.004011,0.021216,0.196864
1536,-2.0,2.0,0.15,1031.58,968.42,-0.004011,0.021216,0.196864
1537,0.82,-0.82,0.2,1044.7,955.3,-0.004011,0.021216,0.196864
1538,-2.0,2.0,0.2,1040.67,959.33,-0.004011,0.021216,0.196864
1539,-2.0,2.0,0.15,1036.99,963.01,-0.004011,0.021216,0.196864
1540,-2.0,2.0,0.15,1033.64,966.36,-0.004011,0.021216,0.196864
1541,-2.0,2.0,0.15,1030.58,969.42,-0.004011,0.021216,0.196864
1542,0.53,-0.53,0.2,1043.79,956.21,-0.004011,0.021216,0.196864
1543,-2.0,2.0,0.2,1039.84,960.16,-0.002848,0.038504,0.229185
1544,-2.0,2.0,0.2,1036.23,963.77,-0.002848,0.038504,0.229185
1545,-0.87,0.87,0.25,1048.94,951.06,-0.002848,0.038504,0.229185
1546,-2.0,2.0,0.25,1044.55,955.45,-0.002848,0.038504,0.229185
1547,-2.0,2.0,0.25,1040.54,959.46,-0.002848,0.038504,0.229185
1548,-2.0,2.0,0.25,1036.87,963.13,-0.002848,0.038504,0.229185
1549,-2.0,2.0,0.2,1033.52,966.48,-0.002848,0.038504,0.229185
1550,-2.0,2.0,0.2,1030.47,969.53,-0.002848,0.038504,0.229185
1551,-2.0,2.0,0.2,1027.69,972.31,-0.002848,0.038504,0.229185
1552,-2.0,2.0,0.2,1025.17,974.83,-0.002848,0.038504,0.229185
1553,-0.36,0.36,0.25,1038.86,961.14,-0.002848,0.038504,0.229185
1554,-2.0,2.0,0.2,1035.34,964.66,-0.001714,0.029207,0.196786
1555,-2.0,2.0,0.2,1032.13,967.87,-0.001714,0.029207,0.196786
1556,-2.0,2.0,0.2,1029.21,970.79,-0.001714,0.029207,0.196786
1557,-2.0,2.0,0.15,1026.54,973.46,-0.001714,0.029207,0.196786
1558,-2.0,2.0,0.15,1024.11,975.89,-0.001714,0.029207,0.196786
1559,-2.0,2.0,0.15,1021.91,978.09,-0.001714,0.029207,0.196786
1560,-2.0,2.0,0.15,1019.9,980.1,-0.001714,0.029207,0.196786
1561,-2.0,2.0,0.15,1018.08,981.92,-0.001714,0.029207,0.196786
1562,-2.0,2.0,0.1,1016.42,983.58,-0.001714,0.029207,0.196786
1563,-2.0,2.0,0.1,1014.91,985.09,-0.001714,0.029207,0.196786
1564,-2.0,2.0,0.1,1013.54,986.46,-0.000994,0.012149,0.307719
1565,-2.0,2.0,0.05,1012.3,987.7,-0.000994,0.012149,0.307719
1566,-2.0,2.0,0.05,1011.16,988.84,-0.000994,0.012149,0.307719
1567,-2.0,2.0,0.05,1010.14,989.86,-0.000994,0.012149,0.307719
1568,-2.0,2.0,0.05,1009.2,990.8,-0.000994,0.012149,0.307719
1569,-2.0,2.0,0.05,1008.36,991.64,-0.000994,0.012149,0.307719
1570,-2.0,2.0,0.05,1007.59,992.41,-0.000994,0.012149,0.307719
1571,-2.0,2.0,0.05,1006.89,993.11,-0.000994,0.012149,0.307719
1572,-2.0,2.0,0.05,1006.26,993.74,-0.000994,0.012149,0.307719
1573,-2.0,2.0,0.0,1005.68,994.32,-0.000994,0.012149,0.307719
1574,-2.0,2.0,0.0,1005.16,994.84,-0.000798,0.012477,0.174987
1575,-2.0,2.0,0.0,1004.68,995.32,-0.000798,0.012477,0.174987
1576,-2.0,2.0,0.0,1004.25,995.75,-0.000798,0.012477,0.174987
1577,-2.0,2.0,0.0,1003.86,996.14,-0.000798,0.012477,0.174987
1578,-2.0,2.0,0.0,1003.5,996.5,-0.000798,0.012477,0.174987
1579,-2.0,2.0,0.0,1003.18,996.82,-0.000798,0.012477,0.174987
1580,-2.0,2.0,0.0,1002.89,997.11,-0.000798,0.012477,0.174987
1581,-2.0,2.0,0.0,1002.62,997.38,-0.000798,0.012477,0.174987
1582,-2.0,2.0,0.0,1002.38,997.62,-0.000798,0.012477,0.174987
1583,-2.0,2.0,0.0,1002.16,997.84,-0.000798,0.012477,0.174987
1584,-0.66,0.66,0.05,1017.96,982.04,-0.000896,0.012757,0.236935
1585,-2.0,2.0,0.05,1016.31,983.69,-0.000896,0.012757,0.236935
1586,-2.0,2.0,0.05,1014.82,985.18,-0.000896,0.012757,0.236935
1587,-2.0,2.0,0.05,1013.45,986.55,-0.000896,0.012757,0.236935
1588,0.96,-0.96,0.1,1028.22,971.78,-0.000896,0.012757,0.236935
1589,-2.0,2.0,0.1,1025.64,974.36,-0.000896,0.012757,0.236935
1590,-2.0,2.0,0.1,1023.3,976.7,-0.000896,0.012757,0.236935
1591,-2.0,2.0,0.1,1021.16,978.84,-0.000896,0.012757,0.236935
1592,-2.0,2.0,0.1,1019.22,980.78,-0.000896,0.012757,0.236935
1593,-2.0,2.0,0.1,1017.46,982.54,-0.000896,0.012757,0.236935
1594,-2.0,2.0,0.1,1015.86,984.14,-0.000896,0.012757,0.236935
1595,-2.0,2.0,0.1,1014.4,985.6,-0.000896,0.012757,0.236935
1596,-2.0,2.0,0.1,1013.08,986.92,-0.001297,0.026521,0.35812
1597,-2.0,2.0,0.1,1011.88,988.12,-0.001297,0.026521,0.35812
1598,-2.0,2.0,0.1,1010.78,989.22,-0.001297,0.026521,0.35812
1599,-2.0,2.0,0.1,1009.79,990.21,-0.001297,0.026521,0.35812
1600,-0.96,0.96,0.15,1024.89,975.11,-0.001297,0.026521,0.35812
1601,-2.0,2.0,0.15,1022.61,977.39,-0.001297,0.026521,0.35812
1602,-2.0,2.0,0.15,1020.54,979.46,-0.001297,0.026521,0.35812
1603,-2.0,2.0,0.15,1018.66,981.34,-0.001297,0.026521,0.35812
1604,-2.0,2.0,0.1,1016.95,983.05,-0.001297,0.026521,0.35812
1605,-2.0,2.0,0.1,1015.39,984.61,-0.001297,0.026521,0.35812
1606,-2.0,2.0,0.1,1013.98,986.02,-0.001552,0.022844,0.178702
1607,-2.0,2.0,0.1,1012.69,987.31,-0.001552,0.022844,0.178702
1608,-2.0,2.0,0.05,1011.53,988.47,-0.001552,0.022844,0.178702
1609,-2.0,2.0,0.05,1010.47,989.53,-0.001552,0.022844,0.178702
1610,-0.23,0.23,0.1,1025.5,974.5,-0.001552,0.022844,0.178702
1611,-2.0,2.0,0.1,1023.17,976.83,-0.001552,0.022844,0.178702
1612,-2.0,2.0,0.1,1021.05,978.95,-0.001552,0.022844,0.178702
1613,-2.0,2.0,0.1,1019.12,980.88,-0.001552,0.022844,0.178702
1614,-2.0,2.0,0.1,1017.37,982.63,-0.001552,0.022844,0.178702
1615,0.88,-0.88,0.15,1031.77,968.23,-0.001552,0.022844,0.178702
1616,-2.0,2.0,0.15,1028.88,971.12,-0.001552,0.022844,0.178702
1617,-2.0,2.0,0.15,1026.24,973.76,0.000436,0.031752,0.174661
1618,-2.0,2.0,0.15,1023.84,976.16,0.000436,0.031752,0.174661
1619,-2.0,2.0,0.15,1021.66,978.34,0.000436,0.031752,0.174661
1620,-2.0,2.0,0.1,1019.68,980.32,0.000436,0.031752,0.174661
1621,-2.0,2.0,0.1,1017.87,982.13,0.000436,0.031752,0.174661
1622,-2.0,2.0,0.1,1016.23,983.77,0.000436,0.031752,0.174661
1623,-2.0,2.0,0.1,1014.74,985.26,0.000436,0.031752,0.174661
1624,-2.0,2.0,0.1,1013.39,986.61,0.000436,0.031752,0.174661
1625,-2.0,2.0,0.1,1012.16,987.84,0.000436,0.031752,0.174661
1626,-2.0,2.0,0.1,1011.04,988.96,0.000436,0.031752,0.174661
1627,-2.0,2.0,0.1,1010.02,989.98,0.000436,0.031752,0.174661
1628,-2.0,2.0,0.1,1009.1,990.9,-0.000726,0.015379,0.146586
1629,-2.0,2.0,0.1,1008.26,991.74,-0.000726,0.015379,0.146586
1630,-2.0,2.0,0.05,1007.5,992.5,-0.000726,0.015379,0.146586
1631,-2.0,2.0,0.05,1006.81,993.19,-0.000726,0.015379,0.146586
1632,-0.61,0.61,0.1,1022.19,977.81,-0.000726,0.015379,0.146586
1633,-2.0,2.0,0.1,1020.15,979.85,-0.000726,0.015379,0.146586
1634,0.76,-0.76,0.15,1034.3,965.7,-0.000726,0.015379,0.146586
1635,-2.0,2.0,0.1,1031.19,968.81,-0.000726,0.015379,0.146586
1636,-2.0,2.0,0.1,1028.34,971.66,-0.000726,0.015379,0.146586
1637,0.44,-0.44,0.15,1041.76,958.24,-0.000726,0.015379,0.146586
1638,-2.0,2.0,0.15,1037.98,962.02,-0.000726,0.015379,0.146586
1639,-2.0,2.0,0.15,1034.54,965.46,-0.000726,0.015379,0.146586
1640,-2.0,2.0,0.15,1031.4,968.6,-0.001017,0.039778,0.133612
1641,-2.0,2.0,0.15,1028.54,971.46,-0.001017,0.039778,0.133612
1642,-2.0,2.0,0.15,1025.93,974.07,-0.001017,0.039778,0.133612
1643,-2.0,2.0,0.15,1023.56,976.44,-0.001017,0.039778,0.133612
1644,-2.0,2.0,0.15,1021.41,978.59,-0.001017,0.039778,0.133612
1645,-2.0,2.0,0.15,1019.44,980.56,-0.001017,0.039778,0.133612
1646,-2.0,2.0,0.15,1017.66,982.34,-0.001017,0.039778,0.133612
1647,-2.0,2.0,0.15,1016.04,983.96,-0.001017,0.039778,0.133612
1648,-2.0,2.0,0.15,1014.57,985.43,-0.001017,0.039778,0.133612
1649,-2.0,2.0,0.15,1013.23,986.77,-0.001017,0.039778,0.133612
1650,-2.0,2.0,0.15,1012.01,987.99,-0.00135,0.014573,0.194866
1651,-2.0,2.0,0.15,1010.91,989.09,-0.00135,0.014573,0.194866
1652,-2.0,2.0,0.1,1009.9,990.1,-0.00135,0.014573,0.194866
1653,-2.0,2.0,0.1,1008.99,991.01,-0.00135,0.014573,0.194866
1654,-2.0,2.0,0.05,1008.17,991.83,-0.00135,0.014573,0.194866
1655,-2.0,2.0,0.05,1007.41,992.59,-0.00135,0.014573,0.194866
1656,-2.0,2.0,0.05,1006.73,993.27,-0.00135,0.014573,0.194866
1657,-2.0,2.0,0.0,1006.11,993.89,-0.00135,0.014573,0.194866
1658,-2.0,2.0,0.0,1005.55,994.45,-0.00135,0.014573,0.194866
1659,-2.0,2.0,0.0,1005.04,994.96,-0.00135,0.014573,0.194866
1660,-2.0,2.0,0.0,1004.57,995.43,-0.000901,0.014049,0.131119
1661,-2.0,2.0,0.0,1004.15,995.85,-0.000901,0.014049,0.131119
1662,-2.0,2.0,0.0,1003.77,996.23,-0.000901,0.014049,0.131119
1663,-2.0,2.0,0.0,1003.42,996.58,-0.000901,0.014049,0.131119
1664,-2.0,2.0,0.0,1003.11,996.89,-0.000901,0.014049,0.131119
1665,-2.0,2.0,0.0,1002.82,997.18,-0.000901,0.014049,0.131119
1666,-2.0,2.0,0.0,1002.56,997.44,-0.000901,0.014049,0.131119
1667,-2.0,2.0,0.0,1002.33,997.67,-0.000901,0.014049,0.131119
1668,-2.0,2.0,0.0,1002.11,997.89,-0.000901,0.014049,0.131119
1669,-2.0,2.0,0.0,1001.92,998.08,-0.000901,0.014049,0.131119
1670,-2.0,2.0,0.0,1001.74,998.26,-0.000805,0.01401,0.26721
1671,-2.0,2.0,0.0,1001.58,998.42,-0.000805,0.01401,0.26721
1672,-2.0,2.0,0.0,1001.43,998.57,-0.000805,0.01401,0.26721
1673,-2.0,2.0,0.0,1001.3,998.7,-0.000805,0.01401,0.26721
1674,-2.0,2.0,0.0,1001.18,998.82,-0.000805,0.01401,0.26721
1675,-0.18,0.18,0.05,1017.07,982.93,-0.000805,0.01401,0.26721
1676,0.41,-0.41,0.1,1031.51,968.49,-0.000805,0.01401,0.26721
1677,-2.0,2.0,0.1,1028.64,971.36,-0.000805,0.01401,0.26721
1678,-2.0,2.0,0.1,1026.02,973.98,-0.000805,0.01401,0.26721
1679,-2.0,2.0,0.1,1023.64,976.36,-0.000805,0.01401,0.26721
1680,-2.0,2.0,0.1,1021.48,978.52,-0.000805,0.01401,0.26721
1681,-2.0,2.0,0.1,1019.51,980.49,-0.000805,0.01401,0.26721
1682,-2.0,2.0,0.1,1017.72,982.28,-0.001018,0.03316,0.201678
1683,-2.0,2.0,0.1,1016.09,983.91,-0.001018,0.03316,0.201678
1684,-2.0,2.0,0.1,1014.62,985.38,-0.001018,0.03316,0.201678
1685,-2.0,2.0,0.1,1013.27,986.73,-0.001018,0.03316,0.201678
1686,-2.0,2.0,0.1,1012.05,987.95,-0.001018,0.03316,0.201678
1687,-2.0,2.0,0.1,1010.94,989.06,-0.001018,0.03316,0.201678
1688,-2.0,2.0,0.1,1009.94,990.06,-0.001018,0.03316,0.201678
1689,-2.0,2.0,0.1,1009.02,990.98,-0.001018,0.03316,0.201678
1690,-2.0,2.0,0.1,1008.19,991.81,-0.001018,0.03316,0.201678
1691,-2.0,2.0,0.1,1007.44,992.56,-0.001018,0.03316,0.201678
1692,-2.0,2.0,0.1,1006.75,993.25,-0.002028,0.014572,0.246008
1693,-2.0,2.0,0.1,1006.13,993.87,-0.002028,0.014572,0.246008
1694,-2.0,2.0,0.1,1005.57,994.43,-0.002028,0.014572,0.246008
1695,-2.0,2.0,0.05,1005.06,994.94,-0.002028,0.014572,0.246008
1696,-0.64,0.64,0.05,1020.59,979.41,-0.002028,0.014572,0.246008
1697,-2.0,2.0,0.05,1018.7,981.3,-0.002028,0.014572,0.246008
1698,-2.0,2.0,0.05,1016.99,983.01,-0.002028,0.014572,0.246008
1699,-2.0,2.0,0.05,1015.43,984.57,-0.002028,0.014572,0.246008
1700,-2.0,2.0,0.05,1014.01,985.99,-0.002028,0.014572,0.246008
1701,-2.0,2.0,0.05,1012.72,987.28,-0.002028,0.014572,0.246008
1702,-2.0,2.0,0.05,1011.55,988.45,-0.00065,0.023348,0.139481
1703,-2.0,2.0,0.05,1010.49,989.51,-0.00065,0.023348,0.139481
1704,-2.0,2.0,0.05,1009.53,990.47,-0.00065,0.023348,0.139481
1705,-2.0,2.0,0.05,1008.65,991.35,-0.00065,0.023348,0.139481
1706,-2.0,2.0,0.05,1007.85,992.15,-0.00065,0.023348,0.139481
1707,-2.0,2.0,0.05,1007.13,992.87,-0.00065,0.023348,0.139481
1708,-2.0,2.0,0.05,1006.47,993.53,-0.00065,0.023348,0.139481
1709,-2.0,2.0,0.05,1005.88,994.12,-0.00065,0.023348,0.139481
1710,-2.0,2.0,0.05,1005.34,994.66,-0.00065,0.023348,0.139481
1711,-2.0,2.0,0.05,1004.85,995.15,-0.00065,0.023348,0.139481
1712,-2.0,2.0,0.05,1004.4,995.6,-0.00065,0.023348,0.139481
1713,-2.0,2.0,0.05,1003.99,996.01,-0.000944,0.015377,0.263533
1714,-2.0,2.0,0.05,1003.63,996.37,-0.000944,0.015377,0.263533
1715,-2.0,2.0,0.05,1003.29,996.71,-0.000944,0.015377,0.263533
1716,-2.0,2.0,0.0,1002.99,997.01,-0.000944,0.015377,0.263533
1717,-2.0,2.0,0.0,1002.71,997.29,-0.000944,0.015377,0.263533
1718,-2.0,2.0,0.0,1002.46,997.54,-0.000944,0.015377,0.263533
1719,-2.0,2.0,0.0,1002.24,997.76,-0.000944,0.015377,0.263533
1720,1.0,-1.0,0.05,1018.03,981.97,-0.000944,0.015377,0.263533
1721,-2.0,2.0,0.05,1016.38,983.62,-0.000944,0.015377,0.263533
1722,-2.0,2.0,0.05,1014.87,985.13,-0.000944,0.015377,0.263533
1723,-2.0,2.0,0.05,1013.51,986.49,-0.000944,0.015377,0.263533
1724,-2.0,2.0,0.05,1012.26,987.74,-0.000819,0.016395,0.249844
1725,-2.0,2.0,0.05,1011.14,988.86,-0.000819,0.016395,0.249844
1726,-2.0,2.0,0.05,1010.11,989.89,-0.000819,0.016395,0.249844
1727,-2.0,2.0,0.05,1009.18,990.82,-0.000819,0.016395,0.249844
1728,-2.0,2.0,0.05,1008.34,991.66,-0.000819,0.016395,0.249844
1729,-2.0,2.0,0.05,1007.57,992.43,-0.000819,0.016395,0.249844
1730,-2.0,2.0,0.05,1006.87,993.13,-0.000819,0.016395,0.249844
1731,-2.0,2.0,0.05,1006.24,993.76,-0.000819,0.016395,0.249844
1732,0.16,-0.16,0.1,1021.67,978.33,-0.000819,0.016395,0.249844
1733,-2.0,2.0,0.1,1019.68,980.32,-0.000819,0.016395,0.249844
1734,-2.0,2.0,0.1,1017.88,982.12,-0.000819,0.016395,0.249844
1735,-2.0,2.0,0.1,1016.24,983.76,-0.000741,0.026147,0.396397
1736,-2.0,2.0,0.1,1014.74,985.26,-0.000741,0.026147,0.396397
1737,-2.0,2.0,0.1,1013.39,986.61,-0.000741,0.026147,0.396397
1738,-2.0,2.0,0.1,1012.16,987.84,-0.000741,0.026147,0.396397
1739,-2.0,2.0,0.1,1011.04,988.96,-0.000741,0.026147,0.396397
1740,-2.0,2.0,0.05,1010.03,989.97,-0.000741,0.026147,0.396397
1741,-2.0,2.0,0.05,1009.1,990.9,-0.000741,0.026147,0.396397
1742,-2.0,2.0,0.05,1008.27,991.73,-0.000741,0.026147,0.396397
1743,-2.0,2.0,0.05,1007.5,992.5,-0.000741,0.026147,0.396397
1744,-2.0,2.0,0.05,1006.81,993.19,-0.000741,0.026147,0.396397
1745,-2.0,2.0,0.05,1006.19,993.81,-0.000957,0.014505,0.209505
1746,-2.0,2.0,0.05,1005.62,994.38,-0.000957,0.014505,0.209505
1747,-2.0,2.0,0.05,1005.1,994.9,-0.000957,0.014505,0.209505
1748,-2.0,2.0,0.05,1004.63,995.37,-0.000957,0.014505,0.209505
1749,-2.0,2.0,0.05,1004.2,995.8,-0.000957,0.014505,0.209505
1750,-2.0,2.0,0.05,1003.82,996.18,-0.000957,0.014505,0.209505
1751,-2.0,2.0,0.05,1003.47,996.53,-0.000957,0.014505,0.209505
1752,-2.0,2.0,0.0,1003.15,996.85,-0.000957,0.014505,0.209505
1753,-2.0,2.0,0.0,1002.86,997.14,-0.000957,0.014505,0.209505
1754,-2.0,2.0,0.0,1002.59,997.41,-0.000957,0.014505,0.209505
1755,-2.0,2.0,0.0,1002.35,997.65,-0.000693,0.014774,0.140014
1756,-2.0,2.0,0.0,1002.14,997.86,-0.000693,0.014774,0.140014
1757,-2.0,2.0,0.0,1001.94,998.06,-0.000693,0.014774,0.140014
1758,-2.0,2.0,0.0,1001.76,998.24,-0.000693,0.014774,0.140014
1759,-2.0,2.0,0.0,1001.6,998.4,-0.000693,0.014774,0.140014
1760,-2.0,2.0,0.0,1001.45,998.55,-0.000693,0.014774,0.140014
1761,-2.0,2.0,0.0,1001.32,998.68,-0.000693,0.014774,0.140014
1762,-2.0,2.0,0.0,1001.2,998.8,-0.000693,0.014774,0.140014
1763,-2.0,2.0,0.0,1001.09,998.91,-0.000693,0.014774,0.140014
1764,-2.0,2.0,0.0,1000.99,999.01,-0.000693,0.014774,0.140014
1765,-2.0,2.0,0.0,1000.9,999.1,-0.000948,0.014527,0.203141
1766,-2.0,2.0,0.0,1000.81,999.19,-0.000948,0.014527,0.203141
1767,-2.0,2.0,0.0,1000.74,999.26,-0.000948,0.014527,0.203141
1768,-2.0,2.0,0.0,1000.67,999.33,-0.000948,0.014527,0.203141
1769,-2.0,2.0,0.0,1000.61,999.39,-0.000948,0.014527,0.203141
1770,-2.0,2.0,0.0,1000.55,999.45,-0.000948,0.014527,0.203141
1771,-2.0,2.0,0.0,1000.5,999.5,-0.000948,0.014527,0.203141
1772,-2.0,2.0,0.0,1000.46,999.54,-0.000948,0.014527,0.203141
1773,-2.0,2.0,0.0,1000.41,999.59,-0.000948,0.014527,0.203141
1774,-2.0,2.0,0.0,1000.38,999.62,-0.000948,0.014527,0.203141
1775,-0.47,0.47,0.05,1016.34,983.66,-0.000948,0.014527,0.203141
1776,-2.0,2.0,0.05,1014.84,985.16,-0.001954,0.026294,0.239756
1777,-2.0,2.0,0.05,1013.48,986.52,-0.001954,0.026294,0.239756
1778,-2.0,2.0,0.05,1012.24,987.76,-0.001954,0.026294,0.239756
1779,-2.0,2.0,0.05,1011.11,988.89,-0.001954,0.026294,0.239756
1780,-2.0,2.0,0.05,1010.09,989.91,-0.001954,0.026294,0.239756
1781,-2.0,2.0,0.05,1009.16,990.84,-0.001954,0.026294,0.239756
1782,-2.0,2.0,0.05,1008.32,991.68,-0.001954,0.026294,0.239756
1783,-0.51,0.51,0.1,1023.55,976.45,-0.001954,0.026294,0.239756
1784,-2.0,2.0,0.1,1021.4,978.6,-0.001954,0.026294,0.239756
1785,-2.0,2.0,0.1,1019.44,980.56,-0.001954,0.026294,0.239756
1786,-2.0,2.0,0.1,1017.65,982.35,-0.00147,0.025396,0.204855
1787,-2.0,2.0,0.1,1016.03,983.97,-0.00147,0.025396,0.204855
1788,-0.45,0.45,0.15,1030.56,969.44,-0.00147,0.025396,0.204855
1789,-2.0,2.0,0.15,1027.77,972.23,-0.00147,0.025396,0.204855
1790,-2.0,2.0,0.15,1025.24,974.76,-0.00147,0.025396,0.204855
1791,-2.0,2.0,0.15,1022.93,977.07,-0.00147,0.025396,0.204855
1792,-2.0,2.0,0.15,1020.83,979.17,-0.00147,0.025396,0.204855
1793,0.67,-0.67,0.2,1034.92,965.08,-0.00147,0.025396,0.204855
1794,-2.0,2.0,0.2,1031.75,968.25,-0.00147,0.025396,0.204855
1795,-2.0,2.0,0.15,1028.86,971.14,-0.00147,0.025396,0.204855
1796,-2.0,2.0,0.15,1026.22,973.78,-0.00147,0.025396,0.204855
1797,-2.0,2.0,0.15,1023.82,976.18,-0.00147,0.025396,0.204855
1798,-2.0,2.0,0.15,1021.64,978.36,-0.000766,0.036231,0.115492
1799,-2.0,2.0,0.15,1019.66,980.34,-0.000766,0.036231,0.115492
1800,-0.41,0.41,0.2,1033.86,966.14,-0.000766,0.036231,0.115492
1801,-2.0,2.0,0.2,1030.78,969.22,-0.000766,0.036231,0.115492
1802,0.36,-0.36,0.25,1043.97,956.03,-0.000766,0.036231,0.115492
1803,-2.0,2.0,0.2,1040.01,959.99,-0.000766,0.036231,0.115492
1804,-0.4,0.4,0.25,1052.39,947.61,-0.000766,0.036231,0.115492
1805,-2.0,2.0,0.25,1047.7,952.3,-0.000766,0.036231,0.115492
1806,-2.0,2.0,0.25,1043.42,956.58,-0.000766,0.036231,0.115492
1807,-2.0,2.0,0.25,1039.5,960.5,-0.000766,0.036231,0.115492
1808,-2.0,2.0,0.2,1035.92,964.08,-0.000766,0.036231,0.115492
1809,-2.0,2.0,0.2,1032.66,967.34,-0.002221,0.039825,0.236993
1810,-2.0,2.0,0.2,1029.69,970.31,-0.002221,0.039825,0.236993
1811,-2.0,2.0,0.2,1026.98,973.02,-0.002221,0.039825,0.236993
1812,-2.0,2.0,0.2,1024.51,975.49,-0.002221,0.039825,0.236993
1813,-2.0,2.0,0.15,1022.27,977.73,-0.002221,0.039825,0.236993
1814,-2.0,2.0,0.15,1020.23,979.77,-0.002221,0.039825,0.236993
1815,-2.0,2.0,0.15,1018.38,981.62,-0.002221,0.039825,0.236993
1816,-2.0,2.0,0.15,1016.69,983.31,-0.002221,0.039825,0.236993
1817,0.4,-0.4,0.2,1031.16,968.84,-0.002221,0.039825,0.236993
1818,-2.0,2.0,0.2,1028.32,971.68,-0.002221,0.039825,0.236993
1819,-0.18,0.18,0.25,1041.73,958.27,-0.002221,0.039825,0.236993
1820,-2.0,2.0,0.2,1037.96,962.04,-0.002221,0.039825,0.236993
1821,-2.0,2.0,0.2,1034.52,965.48,-0.000626,0.033073,0.191631
1822,-2.0,2.0,0.15,1031.38,968.62,-0.000626,0.033073,0.191631
1823,0.58,-0.58,0.2,1044.52,955.48,-0.000626,0.033073,0.191631
1824,-2.0,2.0,0.15,1040.51,959.49,-0.000626,0.033073,0.191631
1825,-2.0,2.0,0.15,1036.84,963.16,-0.000626,0.033073,0.191631
1826,-2.0,2.0,0.15,1033.5,966.5,-0.000626,0.033073,0.191631
1827,-2.0,2.0,0.15,1030.45,969.55,-0.000626,0.033073,0.191631
1828,-2.0,2.0,0.15,1027.68,972.32,-0.000626,0.033073,0.191631
1829,-2.0,2.0,0.15,1025.15,974.85,-0.000626,0.033073,0.191631
1830,-2.0,2.0,0.15,1022.85,977.15,-0.000626,0.033073,0.191631
1831,-2.0,2.0,0.15,1020.76,979.24,-0.000626,0.033073,0.191631
1832,-2.0,2.0,0.15,1018.85,981.15,-0.000789,0.022577,0.163423
1833,-2.0,2.0,0.15,1017.12,982.88,-0.000789,0.022577,0.163423
1834,-2.0,2.0,0.15,1015.55,984.45,-0.000789,0.022577,0.163423
1835,-2.0,2.0,0.15,1014.12,985.88,-0.000789,0.022577,0.163423
1836,-2.0,2.0,0.15,1012.83,987.17,-0.000789,0.022577,0.163423
1837,-0.69,0.69,0.15,1027.65,972.35,-0.000789,0.022577,0.163423
1838,-2.0,2.0,0.15,1025.12,974.88,-0.000789,0.022577,0.163423
1839,-2.0,2.0,0.1,1022.82,977.18,-0.000789,0.022577,0.163423
1840,-2.0,2.0,0.1,1020.73,979.27,-0.000789,0.022577,0.163423
1841,-2.0,2.0,0.1,1018.83,981.17,-0.000789,0.022577,0.163423
1842,-2.0,2.0,0.1,1017.1,982.9,-0.000838,0.02104,0.19227
1843,-2.0,2.0,0.05,1015.53,984.47,-0.000838,0.02104,0.19227
1844,-2.0,2.0,0.05,1014.11,985.89,-0.000838,0.02104,0.19227
1845,-2.0,2.0,0.05,1012.81,987.19,-0.000838,0.02104,0.19227
1846,-2.0,2.0,0.05,1011.63,988.37,-0.000838,0.02104,0.19227
1847,0.64,-0.64,0.1,1026.56,973.44,-0.000838,0.02104,0.19227
1848,-2.0,2.0,0.1,1024.14,975.86,-0.000838,0.02104,0.19227
1849,-2.0,2.0,0.1,1021.93,978.07,-0.000838,0.02104,0.19227
1850,-2.0,2.0,0.1,1019.92,980.08,-0.000838,0.02104,0.19227
1851,-2.0,2.0,0.1,1018.09,981.91,-0.000838,0.02104,0.19227
1852,-2.0,2.0,0.1,1016.43,983.57,-0.000838,0.02104,0.19227
1853,-2.0,2.0,0.1,1014.92,985.08,-0.001492,0.022643,0.177813
1854,-2.0,2.0,0.1,1013.55,986.45,-0.001492,0.022643,0.177813
1855,0.37,-0.37,0.15,1028.31,971.69,-0.001492,0.022643,0.177813
1856,-2.0,2.0,0.15,1025.72,974.28,-0.001492,0.022643,0.177813
1857,-0.89,0.89,0.15,1039.37,960.63,-0.001492,0.022643,0.177813
1858,0.64,-0.64,0.2,1051.8,948.2,-0.001492,0.022643,0.177813
1859,-2.0,2.0,0.2,1047.17,952.83,-0.001492,0.022643,0.177813
1860,-2.0,2.0,0.2,1042.93,957.07,-0.001492,0.022643,0.177813
1861,-2.0,2.0,0.2,1039.05,960.95,-0.001492,0.022643,0.177813
1862,-2.0,2.0,0.2,1035.52,964.48,-0.001492,0.022643,0.177813
1863,-2.0,2.0,0.2,1032.29,967.71,-0.001492,0.022643,0.177813
1864,-2.0,2.0,0.2,1029.35,970.65,-0.001492,0.022643,0.177813
1865,-2.0,2.0,0.2,1026.67,973.33,0.002209,0.042885,0.371379
1866,-2.0,2.0,0.2,1024.23,975.77,0.002209,0.042885,0.371379
1867,0.74,-0.74,0.2,1038.02,961.98,0.002209,0.042885,0.371379
1868,-2.0,2.0,0.2,1034.57,965.43,0.002209,0.042885,0.371379
1869,-2.0,2.0,0.2,1031.43,968.57,0.002209,0.042885,0.371379
1870,-2.0,2.0,0.2,1028.56,971.44,0.002209,0.042885,0.371379
1871,-2.0,2.0,0.2,1025.96,974.04,0.002209,0.042885,0.371379
1872,-2.0,2.0,0.2,1023.58,976.42,0.002209,0.042885,0.371379
1873,-0.79,0.79,0.25,1037.42,962.58,0.002209,0.042885,0.371379
1874,-2.0,2.0,0.25,1034.03,965.97,0.002209,0.042885,0.371379
1875,-2.0,2.0,0.2,1030.94,969.06,0.002209,0.042885,0.371379
1876,-2.0,2.0,0.2,1028.12,971.88,-0.001096,0.032866,0.24312
1877,-2.0,2.0,0.15,1025.55,974.45,-0.001096,0.032866,0.24312
1878,-0.29,0.29,0.15,1039.21,960.79,-0.001096,0.032866,0.24312
1879,-2.0,2.0,0.15,1035.66,964.34,-0.001096,0.032866,0.24312
1880,-2.0,2.0,0.15,1032.42,967.58,-0.001096,0.032866,0.24312
1881,0.69,-0.69,0.2,1045.47,954.53,-0.001096,0.032866,0.24312
1882,-2.0,2.0,0.2,1041.37,958.63,-0.001096,0.032866,0.24312
1883,-2.0,2.0,0.2,1037.63,962.37,-0.001096,0.032866,0.24312
1884,-2.0,2.0,0.2,1034.22,965.78,-0.001096,0.032866,0.24312
1885,-0.94,0.94,0.25,1047.11,952.89,-0.001096,0.032866,0.24312
1886,-2.0,2.0,0.25,1042.87,957.13,-0.001096,0.032866,0.24312
1887,-2.0,2.0,0.2,1039.0,961.0,-0.001096,0.032866,0.24312
1888,-2.0,2.0,0.2,1035.47,964.53,-0.00278,0.041203,0.258555
1889,-2.0,2.0,0.2,1032.25,967.75,-0.00278,0.041203,0.258555
1890,-2.0,2.0,0.2,1029.31,970.69,-0.00278,0.041203,0.258555
1891,-2.0,2.0,0.2,1026.64,973.36,-0.00278,0.041203,0.258555
1892,-2.0,2.0,0.2,1024.2,975.8,-0.00278,0.041203,0.258555
1893,-2.0,2.0,0.15,1021.99,978.01,-0.00278,0.041203,0.258555
1894,-2.0,2.0,0.15,1019.97,980.03,-0.00278,0.041203,0.258555
1895,-2.0,2.0,0.15,1018.14,981.86,-0.00278,0.041203,0.258555
1896,0.44,-0.44,0.2,1032.48,967.52,-0.00278,0.041203,0.258555
1897,-2.0,2.0,0.2,1029.52,970.48,-0.00278,0.041203,0.258555
1898,-2.0,2.0,0.15,1026.83,973.17,-0.001326,0.022797,0.317511
1899,-2.0,2.0,0.15,1024.38,975.62,-0.001326,0.022797,0.317511
1900,-2.0,2.0,0.15,1022.15,977.85,-0.001326,0.022797,0.317511
1901,-2.0,2.0,0.1,1020.12,979.88,-0.001326,0.022797,0.317511
1902,-2.0,2.0,0.1,1018.27,981.73,-0.001326,0.022797,0.317511
1903,-2.0,2.0,0.1,1016.6,983.4,-0.001326,0.022797,0.317511
1904,-2.0,2.0,0.1,1015.07,984.93,-0.001326,0.022797,0.317511
1905,-2.0,2.0,0.05,1013.69,986.31,-0.001326,0.022797,0.317511
1906,-2.0,2.0,0.05,1012.43,987.57,-0.001326,0.022797,0.317511
1907,-0.57,0.57,0.1,1027.29,972.71,-0.001326,0.022797,0.317511
1908,-2.0,2.0,0.1,1024.79,975.21,-0.001326,0.022797,0.317511
1909,-2.0,2.0,0.1,1022.53,977.47,0.000224,0.023728,0.376255
1910,-2.0,2.0,0.1,1020.46,979.54,0.000224,0.023728,0.376255
1911,-2.0,2.0,0.1,1018.59,981.41,0.000224,0.023728,0.376255
1912,-2.0,2.0,0.1,1016.88,983.12,0.000224,0.023728,0.376255
1913,-2.0,2.0,0.1,1015.33,984.67,0.000224,0.023728,0.376255
1914,-2.0,2.0,0.1,1013.92,986.08,0.000224,0.023728,0.376255
1915,-2.0,2.0,0.1,1012.64,987.36,0.000224,0.023728,0.376255
1916,-2.0,2.0,0.05,1011.48,988.52,0.000224,0.023728,0.376255
1917,-2.0,2.0,0.05,1010.42,989.58,0.000224,0.023728,0.376255
1918,-0.35,0.35,0.1,1025.47,974.53,0.000224,0.023728,0.376255
1919,0.83,-0.83,0.15,1039.14,960.86,0.000224,0.023728,0.376255
1920,-2.0,2.0,0.15,1035.59,964.41,0.000331,0.03189,0.354587
1921,-2.0,2.0,0.15,1032.36,967.64,0.000331,0.03189,0.354587
1922,-2.0,2.0,0.15,1029.41,970.59,0.000331,0.03189,0.354587
1923,-2.0,2.0,0.15,1026.73,973.27,0.000331,0.03189,0.354587
1924,-2.0,2.0,0.15,1024.29,975.71,0.000331,0.03189,0.354587
1925,-2.0,2.0,0.15,1022.06,977.94,0.000331,0.03189,0.354587
1926,-2.0,2.0,0.15,1020.04,979.96,0.000331,0.03189,0.354587
1927,0.08,-0.08,0.15,1034.2,965.8,0.000331,0.03189,0.354587
1928,-2.0,2.0,0.15,1031.09,968.91,0.000331,0.03189,0.354587
1929,-2.0,2.0,0.15,1028.26,971.74,0.000331,0.03189,0.354587
1930,-2.0,2.0,0.15,1025.68,974.32,0.000331,0.03189,0.354587
1931,-2.0,2.0,0.15,1023.33,976.67,-0.000326,0.025213,0.283948
1932,-0.94,0.94,0.2,1037.2,962.8,-0.000326,0.025213,0.283948
1933,-2.0,2.0,0.2,1033.82,966.18,-0.000326,0.025213,0.283948
1934,0.22,-0.22,0.25,1046.75,953.25,-0.000326,0.025213,0.283948
1935,-2.0,2.0,0.25,1042.54,957.46,-0.000326,0.025213,0.283948
1936,-2.0,2.0,0.25,1038.7,961.3,-0.000326,0.025213,0.283948
1937,-2.0,2.0,0.25,1035.19,964.81,-0.000326,0.025213,0.283948
1938,-0.15,0.15,0.25,1048.0,952.0,-0.000326,0.025213,0.283948
1939,-2.0,2.0,0.2,1043.68,956.32,-0.000326,0.025213,0.283948
1940,-2.0,2.0,0.2,1039.74,960.26,-0.000326,0.025213,0.283948
1941,-2.0,2.0,0.2,1036.15,963.85,-0.000326,0.025213,0.283948
1942,0.69,-0.69,0.25,1048.86,951.14,-0.000326,0.025213,0.283948
1943,-2.0,2.0,0.25,1044.48,955.52,-0.001857,0.050853,0.226041
1944,-2.0,2.0,0.25,1040.47,959.53,-0.001857,0.050853,0.226041
1945,-2.0,2.0,0.25,1036.81,963.19,-0.001857,0.050853,0.226041
1946,-2.0,2.0,0.25,1033.47,966.53,-0.001857,0.050853,0.226041
1947,-2.0,2.0,0.2,1030.42,969.58,-0.001857,0.050853,0.226041
1948,-2.0,2.0,0.2,1027.65,972.35,-0.001857,0.050853,0.226041
1949,-2.0,2.0,0.2,1025.12,974.88,-0.001857,0.050853,0.226041
1950,-2.0,2.0,0.2,1022.83,977.17,-0.001857,0.050853,0.226041
1951,-2.0,2.0,0.2,1020.74,979.26,-0.001857,0.050853,0.226041
1952,-2.0,2.0,0.15,1018.83,981.17,-0.001857,0.050853,0.226041
1953,-2.0,2.0,0.15,1017.11,982.89,-0.001857,0.050853,0.226041
1954,-2.0,2.0,0.1,1015.54,984.46,-0.002414,0.014668,0.239498
1955,-2.0,2.0,0.1,1014.11,985.89,-0.002414,0.014668,0.239498
1956,-0.22,0.22,0.15,1028.81,971.19,-0.002414,0.014668,0.239498
1957,-2.0,2.0,0.15,1026.18,973.82,-0.002414,0.014668,0.239498
1958,-0.49,0.49,0.15,1039.79,960.21,-0.002414,0.014668,0.239498
1959,-2.0,2.0,0.15,1036.19,963.81,-0.002414,0.014668,0.239498
1960,-0.61,0.61,0.2,1048.9,951.1,-0.002414,0.014668,0.239498
1961,-2.0,2.0,0.2,1044.51,955.49,-0.002414,0.014668,0.239498
1962,-2.0,2.0,0.15,1040.5,959.5,-0.002414,0.014668,0.239498
1963,-2.0,2.0,0.15,1036.84,963.16,-0.002414,0.014668,0.239498
1964,-2.0,2.0,0.15,1033.49,966.51,-0.002414,0.014668,0.239498
1965,-2.0,2.0,0.15,1030.45,969.55,-0.001906,0.041072,0.278159
1966,-2.0,2.0,0.15,1027.67,972.33,-0.001906,0.041072,0.278159
1967,-2.0,2.0,0.15,1025.14,974.86,-0.001906,0.041072,0.278159
1968,-2.0,2.0,0.15,1022.84,977.16,-0.001906,0.041072,0.278159
1969,-2.0,2.0,0.15,1020.75,979.25,-0.001906,0.041072,0.278159
1970,-2.0,2.0,0.15,1018.85,981.15,-0.001906,0.041072,0.278159
1971,-2.0,2.0,0.15,1017.12,982.88,-0.001906,0.041072,0.278159
1972,-2.0,2.0,0.15,1015.55,984.45,-0.001906,0.041072,0.278159
1973,-2.0,2.0,0.15,1014.12,985.88,-0.001906,0.041072,0.278159
1974,-2.0,2.0,0.15,1012.82,987.18,-0.001906,0.041072,0.278159
1975,-2.0,2.0,0.15,1011.64,988.36,-0.003991,0.016126,0.289938
1976,-2.0,2.0,0.1,1010.57,989.43,-0.003991,0.016126,0.289938
1977,-2.0,2.0,0.1,1009.6,990.4,-0.003991,0.016126,0.289938
1978,-2.0,2.0,0.05,1008.72,991.28,-0.003991,0.016126,0.289938
1979,-2.0,2.0,0.05,1007.91,992.09,-0.003991,0.016126,0.289938
1980,-2.0,2.0,0.0,1007.19,992.81,-0.003991,0.016126,0.289938
1981,-2.0,2.0,0.0,1006.52,993.48,-0.003991,0.016126,0.289938
1982,-2.0,2.0,0.0,1005.92,994.08,-0.003991,0.016126,0.289938
1983,-2.0,2.0,0.0,1005.38,994.62,-0.003991,0.016126,0.289938
1984,-2.0,2.0,0.0,1004.88,995.12,-0.003991,0.016126,0.289938
1985,-2.0,2.0,0.0,1004.43,995.57,-0.00111,0.014051,0.28576
1986,-2.0,2.0,0.0,1004.03,995.97,-0.00111,0.014051,0.28576
1987,-2.0,2.0,0.0,1003.65,996.35,-0.00111,0.014051,0.28576
1988,-2.0,2.0,0.0,1003.32,996.68,-0.00111,0.014051,0.28576
1989,-2.0,2.0,0.0,1003.01,996.99,-0.00111,0.014051,0.28576
1990,-0.09,0.09,0.05,1018.74,981.26,-0.00111,0.014051,0.28576
1991,-0.02,0.02,0.1,1033.02,966.98,-0.00111,0.014051,0.28576
1992,-2.0,2.0,0.1,1030.01,969.99,-0.00111,0.014051,0.28576
1993,-2.0,2.0,0.1,1027.27,972.73,-0.00111,0.014051,0.28576
1994,-2.0,2.0,0.1,1024.78,975.22,-0.00111,0.014051,0.28576
1995,0.01,-0.01,0.15,1038.52,961.48,-0.00111,0.014051,0.28576
1996,-0.42,0.42,0.2,1051.03,948.97,-0.00111,0.014051,0.28576
1997,-2.0,2.0,0.2,1046.46,953.54,-0.000926,0.049698,0.309959
1998,-0.53,0.53,0.25,1058.28,941.72,-0.000926,0.049698,0.309959
1999,-2.0,2.0,0.25,1053.1,946.9,-0.000926,0.049698,0.309959
